timeOpen;timeClose;timeHigh;timeLow;name;open;high;low;close;volume;marketCap;timestamp
"2020-12-31T00:00:00.000Z";"2020-12-31T23:59:59.999Z";"2020-12-31T10:28:08.000Z";"2020-12-31T13:17:08.000Z";"2781";0.0269443;0.02700117;0.02616798;0.02683307;861613319.35;1922848319.9536655;"2020-12-31T23:59:59.999Z"
"2020-12-30T00:00:00.000Z";"2020-12-30T23:59:59.999Z";"2020-12-30T01:02:08.000Z";"2020-12-30T09:04:08.000Z";"2781";0.02769028;0.02784186;0.02651409;0.02694542;1108455178.19;1930899560.8404148;"2020-12-30T23:59:59.999Z"
"2020-12-29T00:00:00.000Z";"2020-12-29T23:59:59.999Z";"2020-12-29T00:31:07.000Z";"2020-12-29T16:11:07.000Z";"2781";0.02953085;0.03015268;0.02656558;0.02768961;1222238398.78;1984227811.6529157;"2020-12-29T23:59:59.999Z"
"2020-12-28T00:00:00.000Z";"2020-12-28T23:59:59.999Z";"2020-12-28T14:58:07.000Z";"2020-12-28T03:25:09.000Z";"2781";0.02885562;0.0302428;0.02864867;0.02953235;977375508.34;2116278415.7374947;"2020-12-28T23:59:59.999Z"
"2020-12-27T00:00:00.000Z";"2020-12-27T23:59:59.999Z";"2020-12-27T16:43:08.000Z";"2020-12-27T12:14:07.000Z";"2781";0.02774171;0.0308183;0.02683698;0.02884619;1395277093.31;2067107839.199868;"2020-12-27T23:59:59.999Z"
"2020-12-26T00:00:00.000Z";"2020-12-26T23:59:59.999Z";"2020-12-26T00:13:08.000Z";"2020-12-26T10:46:08.000Z";"2781";0.02850263;0.02857445;0.02731587;0.02773811;841956308.33;1987703766.0928547;"2020-12-26T23:59:59.999Z"
"2020-12-25T00:00:00.000Z";"2020-12-25T23:59:59.999Z";"2020-12-25T11:37:08.000Z";"2020-12-25T05:55:09.000Z";"2781";0.02769271;0.02939579;0.0271192;0.02849727;1092567728.81;2042104956.2025123;"2020-12-25T23:59:59.999Z"
"2020-12-24T00:00:00.000Z";"2020-12-24T23:59:59.999Z";"2020-12-24T23:59:08.000Z";"2020-12-24T00:46:08.000Z";"2781";0.02482846;0.02769736;0.02427384;0.02769736;999870119.73;1984783399.4165967;"2020-12-24T23:59:59.999Z"
"2020-12-23T00:00:00.000Z";"2020-12-23T23:59:59.999Z";"2020-12-23T01:07:07.000Z";"2020-12-23T22:25:13.000Z";"2781";0.02887892;0.02900638;0.02413375;0.02481996;1027482137.65;1778589858.3172975;"2020-12-23T23:59:59.999Z"
"2020-12-22T00:00:00.000Z";"2020-12-22T23:59:59.999Z";"2020-12-22T00:29:07.000Z";"2020-12-22T08:31:07.000Z";"2781";0.02936872;0.02956359;0.02788057;0.02889393;974116413.95;2070529165.384083;"2020-12-22T23:59:59.999Z"
"2020-12-21T00:00:00.000Z";"2020-12-21T23:59:59.999Z";"2020-12-21T01:56:08.000Z";"2020-12-21T12:13:07.000Z";"2781";0.03122931;0.03180619;0.02918061;0.02938003;947004005.36;2105363173.2460437;"2020-12-21T23:59:59.999Z"
"2020-12-20T00:00:00.000Z";"2020-12-20T23:59:59.999Z";"2020-12-20T15:31:07.000Z";"2020-12-20T04:19:07.000Z";"2781";0.03128406;0.03267605;0.0306047;0.03122526;976931378.66;2237591259.6539345;"2020-12-20T23:59:59.999Z"
"2020-12-19T00:00:00.000Z";"2020-12-19T23:59:59.999Z";"2020-12-19T10:08:07.000Z";"2020-12-19T01:29:07.000Z";"2781";0.03110969;0.03195671;0.0309018;0.03129003;615092280.66;2242232953.087314;"2020-12-19T23:59:59.999Z"
"2020-12-18T00:00:00.000Z";"2020-12-18T23:59:59.999Z";"2020-12-18T10:01:08.000Z";"2020-12-18T00:25:08.000Z";"2781";0.03071065;0.03136316;0.03014104;0.03111274;816502608.2;2229527961.154152;"2020-12-18T23:59:59.999Z"
"2020-12-17T00:00:00.000Z";"2020-12-17T23:59:59.999Z";"2020-12-17T16:37:07.000Z";"2020-12-17T21:32:07.000Z";"2781";0.03119053;0.03236327;0.03048581;0.03070782;1226706408.73;2200511997.8858123;"2020-12-17T23:59:59.999Z"
"2020-12-16T00:00:00.000Z";"2020-12-16T23:59:59.999Z";"2020-12-16T23:58:07.000Z";"2020-12-16T01:46:07.000Z";"2781";0.02921033;0.03117789;0.02885956;0.03117615;760891772.36;2234072422.2362385;"2020-12-16T23:59:59.999Z"
"2020-12-15T00:00:00.000Z";"2020-12-15T23:59:59.999Z";"2020-12-15T19:58:07.000Z";"2020-12-15T05:46:07.000Z";"2781";0.02908575;0.02949521;0.0288033;0.02920635;650311169.82;2092917220.5169783;"2020-12-15T23:59:59.999Z"
"2020-12-14T00:00:00.000Z";"2020-12-14T23:59:59.999Z";"2020-12-14T03:16:07.000Z";"2020-12-14T12:42:07.000Z";"2781";0.0291882;0.02919352;0.02866487;0.02908806;458112629.71;2084440133.7464628;"2020-12-14T23:59:59.999Z"
"2020-12-13T00:00:00.000Z";"2020-12-13T23:59:59.999Z";"2020-12-13T16:59:07.000Z";"2020-12-13T02:15:08.000Z";"2781";0.02857528;0.02964737;0.02849228;0.02918404;507399198.86;2091318238.658348;"2020-12-13T23:59:59.999Z"
"2020-12-12T00:00:00.000Z";"2020-12-12T23:59:59.999Z";"2020-12-12T22:43:07.000Z";"2020-12-12T00:01:07.000Z";"2781";0.02781362;0.02876376;0.02778876;0.02857237;599944338.57;2047485924.837956;"2020-12-12T23:59:59.999Z"
"2020-12-11T00:00:00.000Z";"2020-12-11T23:59:59.999Z";"2020-12-11T22:21:07.000Z";"2020-12-11T12:01:07.000Z";"2781";0.02814238;0.02819173;0.02728035;0.02781859;604593706.67;1993470438.3324301;"2020-12-11T23:59:59.999Z"
"2020-12-10T00:00:00.000Z";"2020-12-10T23:59:59.999Z";"2020-12-10T04:28:07.000Z";"2020-12-10T15:16:07.000Z";"2781";0.02870901;0.02879736;0.02783828;0.02814575;581956182.84;2016914491.4785883;"2020-12-10T23:59:59.999Z"
"2020-12-09T00:00:00.000Z";"2020-12-09T23:59:59.999Z";"2020-12-09T22:18:07.000Z";"2020-12-09T08:39:07.000Z";"2781";0.02784799;0.02884744;0.02707744;0.02870998;888645741.03;2057347633.0984187;"2020-12-09T23:59:59.999Z"
"2020-12-08T00:00:00.000Z";"2020-12-08T23:59:59.999Z";"2020-12-08T00:00:09.000Z";"2020-12-08T23:16:08.000Z";"2781";0.03031598;0.03031598;0.02762754;0.02784883;780286047.67;1995637680.7265205;"2020-12-08T23:59:59.999Z"
"2020-12-07T00:00:00.000Z";"2020-12-07T23:59:59.999Z";"2020-12-07T00:04:07.000Z";"2020-12-07T18:49:08.000Z";"2781";0.03091924;0.03098178;0.02997959;0.03031663;614032135.1;2172479388.3359942;"2020-12-07T23:59:59.999Z"
"2020-12-06T00:00:00.000Z";"2020-12-06T23:59:59.999Z";"2020-12-06T23:43:08.000Z";"2020-12-06T13:49:07.000Z";"2781";0.0305724;0.03099122;0.03010544;0.03092528;716011956.89;2216094907.470446;"2020-12-06T23:59:59.999Z"
"2020-12-05T00:00:00.000Z";"2020-12-05T23:59:59.999Z";"2020-12-05T19:19:07.000Z";"2020-12-05T00:10:08.000Z";"2781";0.0295482;0.03058947;0.02926733;0.03057224;684866341.99;2190796285.6375375;"2020-12-05T23:59:59.999Z"
"2020-12-04T00:00:00.000Z";"2020-12-04T23:59:59.999Z";"2020-12-04T00:51:08.000Z";"2020-12-04T22:58:07.000Z";"2781";0.03164262;0.0316996;0.02919579;0.02955283;823071021.2;2117745617.8273437;"2020-12-04T23:59:59.999Z"
"2020-12-03T00:00:00.000Z";"2020-12-03T23:59:59.999Z";"2020-12-03T11:07:08.000Z";"2020-12-03T07:16:07.000Z";"2781";0.0312043;0.03190691;0.03085375;0.03164091;673624676.51;2267376429.3277392;"2020-12-03T23:59:59.999Z"
"2020-12-02T00:00:00.000Z";"2020-12-02T23:59:59.999Z";"2020-12-02T23:46:08.000Z";"2020-12-02T00:07:07.000Z";"2781";0.0302804;0.03130369;0.02991247;0.0311959;840203817.5;2235487388.1141553;"2020-12-02T23:59:59.999Z"
"2020-12-01T00:00:00.000Z";"2020-12-01T23:59:59.999Z";"2020-12-01T07:34:07.000Z";"2020-12-01T12:32:07.000Z";"2781";0.03232011;0.0339957;0.029694;0.03027735;1616257102;2169664590.852571;"2020-12-01T23:59:59.999Z"
"2020-11-30T00:00:00.000Z";"2020-11-30T23:59:59.999Z";"2020-11-30T16:28:07.000Z";"2020-11-30T09:38:07.000Z";"2781";0.03070123;0.03285746;0.03035836;0.03232013;1234758184.74;2316049519.7067347;"2020-11-30T23:59:59.999Z"
"2020-11-29T00:00:00.000Z";"2020-11-29T23:59:59.999Z";"2020-11-29T11:10:09.000Z";"2020-11-29T01:43:07.000Z";"2781";0.03043753;0.03117728;0.02964157;0.03069862;893286077.73;2199852493.6912165;"2020-11-29T23:59:59.999Z"
"2020-11-28T00:00:00.000Z";"2020-11-28T23:59:59.999Z";"2020-11-28T16:07:07.000Z";"2020-11-28T04:46:07.000Z";"2781";0.02936712;0.03115647;0.02871732;0.03043469;1124450213.72;2180939689.8464713;"2020-11-28T23:59:59.999Z"
"2020-11-27T00:00:00.000Z";"2020-11-27T23:59:59.999Z";"2020-11-27T01:46:07.000Z";"2020-11-27T16:02:07.000Z";"2781";0.02939807;0.03016613;0.02826146;0.02936294;1242017588.39;2104138492.4882329;"2020-11-27T23:59:59.999Z"
"2020-11-26T00:00:00.000Z";"2020-11-26T23:59:59.999Z";"2020-11-26T01:11:07.000Z";"2020-11-26T08:52:07.000Z";"2781";0.03309828;0.03381226;0.02747493;0.02938731;2248209133.66;2105884237.5416102;"2020-11-26T23:59:59.999Z"
"2020-11-25T00:00:00.000Z";"2020-11-25T23:59:59.999Z";"2020-11-25T13:40:09.000Z";"2020-11-25T23:20:11.000Z";"2781";0.03507714;0.03728408;0.0320749;0.0331058;2303332552.78;2372350004.147361;"2020-11-25T23:59:59.999Z"
"2020-11-24T00:00:00.000Z";"2020-11-24T23:59:59.999Z";"2020-11-24T05:56:07.000Z";"2020-11-24T00:16:07.000Z";"2781";0.03167929;0.03874393;0.03155511;0.03506729;2856540896.53;2512910049.0847993;"2020-11-24T23:59:59.999Z"
"2020-11-23T00:00:00.000Z";"2020-11-23T23:59:59.999Z";"2020-11-23T23:58:07.000Z";"2020-11-23T01:07:07.000Z";"2781";0.02869946;0.0316736;0.02829294;0.03167253;1693209297.03;2269642627.71576;"2020-11-23T23:59:59.999Z"
"2020-11-22T00:00:00.000Z";"2020-11-22T23:59:59.999Z";"2020-11-22T00:21:07.000Z";"2020-11-22T11:57:07.000Z";"2781";0.03033475;0.03067097;0.02747879;0.02869945;1963692552.22;2056592720.8139257;"2020-11-22T23:59:59.999Z"
"2020-11-21T00:00:00.000Z";"2020-11-21T23:59:59.999Z";"2020-11-21T23:57:07.000Z";"2020-11-21T04:10:08.000Z";"2781";0.02626955;0.0304793;0.02620508;0.03033475;1971506924.25;2173777674.2492447;"2020-11-21T23:59:59.999Z"
"2020-11-20T00:00:00.000Z";"2020-11-20T23:59:59.999Z";"2020-11-20T18:14:07.000Z";"2020-11-20T00:06:08.000Z";"2781";0.02580247;0.02652334;0.02579566;0.02626955;910566105.44;1882466719.242144;"2020-11-20T23:59:59.999Z"
"2020-11-19T00:00:00.000Z";"2020-11-19T23:59:59.999Z";"2020-11-19T00:15:08.000Z";"2020-11-19T06:46:07.000Z";"2781";0.0268219;0.02687406;0.0253712;0.02580231;843848867.22;1848985018.1310887;"2020-11-19T23:59:59.999Z"
"2020-11-18T00:00:00.000Z";"2020-11-18T23:59:59.999Z";"2020-11-18T23:30:16.000Z";"2020-11-18T15:26:07.000Z";"2781";0.02646826;0.02707673;0.02525234;0.02682202;1224808278.53;1922056746.2265809;"2020-11-18T23:59:59.999Z"
"2020-11-17T00:00:00.000Z";"2020-11-17T23:59:59.999Z";"2020-11-17T19:49:07.000Z";"2020-11-17T02:54:07.000Z";"2781";0.0258701;0.02662107;0.02575412;0.02646838;892680900.44;1896714725.5287263;"2020-11-17T23:59:59.999Z"
"2020-11-16T00:00:00.000Z";"2020-11-16T23:59:59.999Z";"2020-11-16T15:07:07.000Z";"2020-11-16T02:43:07.000Z";"2781";0.02540897;0.02583807;0.02523329;0.0255961;643168772.04;1834207801.6029918;"2020-11-16T23:59:59.999Z"
"2020-11-15T00:00:00.000Z";"2020-11-15T23:59:59.999Z";"2020-11-15T16:09:07.000Z";"2020-11-15T22:27:07.000Z";"2781";0.02519053;0.02585371;0.02507306;0.02540897;726438273.04;1820797810.314501;"2020-11-15T23:59:59.999Z"
"2020-11-14T00:00:00.000Z";"2020-11-14T23:59:59.999Z";"2020-11-14T00:46:07.000Z";"2020-11-14T10:43:07.000Z";"2781";0.02540475;0.02542518;0.02509343;0.02519053;695044805.54;1805145010.3222075;"2020-11-14T23:59:59.999Z"
"2020-11-13T00:00:00.000Z";"2020-11-13T23:59:59.999Z";"2020-11-13T18:25:10.000Z";"2020-11-13T06:27:07.000Z";"2781";0.02493687;0.02552454;0.0248802;0.02540475;653191358.79;1820495858.8446288;"2020-11-13T23:59:59.999Z"
"2020-11-12T00:00:00.000Z";"2020-11-12T23:59:59.999Z";"2020-11-12T08:10:09.000Z";"2020-11-12T00:18:07.000Z";"2781";0.02505367;0.02521809;0.02487748;0.02493711;719747327.3;1786985062.1735015;"2020-11-12T23:59:59.999Z"
"2020-11-11T00:00:00.000Z";"2020-11-11T23:59:59.999Z";"2020-11-11T17:44:07.000Z";"2020-11-11T00:00:14.000Z";"2781";0.02487153;0.02533289;0.02487153;0.02505395;711256095.03;1795357310.1021101;"2020-11-11T23:59:59.999Z"
"2020-11-10T00:00:00.000Z";"2020-11-10T23:59:59.999Z";"2020-11-10T08:45:09.000Z";"2020-11-10T00:32:07.000Z";"2781";0.0248119;0.02528915;0.02470629;0.0248716;707887433.16;1782290242.327497;"2020-11-10T23:59:59.999Z"
"2020-11-09T00:00:00.000Z";"2020-11-09T23:59:59.999Z";"2020-11-09T10:57:07.000Z";"2020-11-09T16:17:07.000Z";"2781";0.02536506;0.02563283;0.02478227;0.02481089;835050948.91;1777939805.3880048;"2020-11-09T23:59:59.999Z"
"2020-11-08T00:00:00.000Z";"2020-11-08T23:59:59.999Z";"2020-11-08T18:07:07.000Z";"2020-11-08T00:13:07.000Z";"2781";0.02491968;0.02564906;0.02469377;0.02536509;636276783.88;1817653512.396406;"2020-11-08T23:59:59.999Z"
"2020-11-07T00:00:00.000Z";"2020-11-07T23:59:59.999Z";"2020-11-07T12:58:07.000Z";"2020-11-07T19:46:07.000Z";"2781";0.02606515;0.02663015;0.02453251;0.02491969;952470345.39;1785736106.1814914;"2020-11-07T23:59:59.999Z"
"2020-11-06T00:00:00.000Z";"2020-11-06T23:59:59.999Z";"2020-11-06T23:59:07.000Z";"2020-11-06T00:10:07.000Z";"2781";0.02496139;0.02606515;0.0249196;0.02606515;876674156.16;1867819426.3078048;"2020-11-06T23:59:59.999Z"
"2020-11-05T00:00:00.000Z";"2020-11-05T23:59:59.999Z";"2020-11-05T23:18:07.000Z";"2020-11-05T10:54:07.000Z";"2781";0.02419663;0.02504222;0.02408958;0.02496151;809301893.96;1788733374.9507701;"2020-11-05T23:59:59.999Z"
"2020-11-04T00:00:00.000Z";"2020-11-04T23:59:59.999Z";"2020-11-04T00:00:14.000Z";"2020-11-04T08:00:15.000Z";"2781";0.02441629;0.02441629;0.02380109;0.02419648;858371147.96;1733911418.5449932;"2020-11-04T23:59:59.999Z"
"2020-11-03T00:00:00.000Z";"2020-11-03T23:59:59.999Z";"2020-11-03T00:01:07.000Z";"2020-11-03T04:35:08.000Z";"2781";0.02443305;0.02447041;0.02316906;0.02441623;953218598.87;1749658351.4571962;"2020-11-03T23:59:59.999Z"
"2020-11-02T00:00:00.000Z";"2020-11-02T23:59:59.999Z";"2020-11-02T01:51:07.000Z";"2020-11-02T13:03:07.000Z";"2781";0.02572727;0.02589185;0.02438009;0.02443304;909137322.42;1750863167.6320024;"2020-11-02T23:59:59.999Z"
"2020-11-01T00:00:00.000Z";"2020-11-01T23:59:59.999Z";"2020-11-01T00:13:07.000Z";"2020-11-01T12:49:07.000Z";"2781";0.02582139;0.02593016;0.02548451;0.02572745;740672528.18;1843620256.3425765;"2020-11-01T23:59:59.999Z"
"2020-10-31T00:00:00.000Z";"2020-10-31T23:59:59.999Z";"2020-10-31T09:22:07.000Z";"2020-10-31T08:08:07.000Z";"2781";0.02562615;0.02655575;0.02542689;0.02576956;934899053.03;1846637655.6037838;"2020-10-31T23:59:59.999Z"
"2020-10-30T00:00:00.000Z";"2020-10-30T23:59:59.999Z";"2020-10-30T01:28:07.000Z";"2020-10-30T10:43:07.000Z";"2781";0.02648981;0.02657606;0.02532095;0.02562615;910069439.86;1836361165.8654375;"2020-10-30T23:59:59.999Z"
"2020-10-29T00:00:00.000Z";"2020-10-29T23:59:59.999Z";"2020-10-29T02:58:07.000Z";"2020-10-29T12:31:07.000Z";"2781";0.0268521;0.02718822;0.02635792;0.02648968;942916977.71;1898241741.6479428;"2020-10-29T23:59:59.999Z"
"2020-10-28T00:00:00.000Z";"2020-10-28T23:59:59.999Z";"2020-10-28T06:50:08.000Z";"2020-10-28T14:20:09.000Z";"2781";0.02696147;0.02708701;0.02655094;0.02685205;883960291.44;1924208857.648188;"2020-10-28T23:59:59.999Z"
"2020-10-27T00:00:00.000Z";"2020-10-27T23:59:59.999Z";"2020-10-27T16:07:07.000Z";"2020-10-27T09:26:07.000Z";"2781";0.02676174;0.0271415;0.02661146;0.02696136;1010406630.58;1932042080.198004;"2020-10-27T23:59:59.999Z"
"2020-10-26T00:00:00.000Z";"2020-10-26T23:59:59.999Z";"2020-10-26T04:40:08.000Z";"2020-10-26T17:39:07.000Z";"2781";0.02693529;0.02737731;0.02642516;0.02676151;1088998065.11;1917720635.3166733;"2020-10-26T23:59:59.999Z"
"2020-10-25T00:00:00.000Z";"2020-10-25T23:59:59.999Z";"2020-10-25T04:51:07.000Z";"2020-10-25T11:23:07.000Z";"2781";0.02705049;0.02719947;0.02664479;0.02693528;915475861.74;1930173253.4945664;"2020-10-25T23:59:59.999Z"
"2020-10-24T00:00:00.000Z";"2020-10-24T23:59:59.999Z";"2020-10-24T18:12:07.000Z";"2020-10-24T09:26:07.000Z";"2781";0.02669117;0.02724694;0.02657262;0.02705049;923427611.44;1938428784.6734571;"2020-10-24T23:59:59.999Z"
"2020-10-23T00:00:00.000Z";"2020-10-23T23:59:59.999Z";"2020-10-23T00:04:32.000Z";"2020-10-23T16:47:07.000Z";"2781";0.02705285;0.0270588;0.0263201;0.02669117;1048646248.79;1912679979.4431748;"2020-10-23T23:59:59.999Z"
"2020-10-22T00:00:00.000Z";"2020-10-22T23:59:59.999Z";"2020-10-22T19:34:32.000Z";"2020-10-22T00:04:32.000Z";"2781";0.02671303;0.02732885;0.0267028;0.02704168;1141772374.42;1937797242.812395;"2020-10-22T23:59:59.999Z"
"2020-10-21T00:00:00.000Z";"2020-10-21T23:59:59.999Z";"2020-10-21T15:01:32.000Z";"2020-10-21T00:06:33.000Z";"2781";0.02600731;0.02713358;0.02597121;0.02672063;1217457320.63;1914791472.4475703;"2020-10-21T23:59:59.999Z"
"2020-10-20T00:00:00.000Z";"2020-10-20T23:59:59.999Z";"2020-10-20T16:05:35.000Z";"2020-10-20T13:55:35.000Z";"2781";0.02586138;0.02863072;0.02528986;0.02601167;1752177515.9;1863987597.0052907;"2020-10-20T23:59:59.999Z"
"2020-10-19T00:00:00.000Z";"2020-10-19T23:59:59.999Z";"2020-10-19T16:22:32.000Z";"2020-10-19T06:25:33.000Z";"2781";0.02595147;0.02609795;0.0256575;0.02586055;970398127.76;1853158416.5204787;"2020-10-19T23:59:59.999Z"
"2020-10-18T00:00:00.000Z";"2020-10-18T23:59:59.999Z";"2020-10-18T06:46:31.000Z";"2020-10-18T11:46:31.000Z";"2781";0.02575361;0.02597761;0.02566653;0.02593621;741735959.74;1858579869.1596816;"2020-10-18T23:59:59.999Z"
"2020-10-17T00:00:00.000Z";"2020-10-17T23:59:59.999Z";"2020-10-17T12:17:31.000Z";"2020-10-17T01:15:40.000Z";"2781";0.02574276;0.02603365;0.0255615;0.02574631;783849475.85;1844971633.4240828;"2020-10-17T23:59:59.999Z"
"2020-10-16T00:00:00.000Z";"2020-10-16T23:59:59.999Z";"2020-10-16T02:35:58.000Z";"2020-10-16T09:25:39.000Z";"2781";0.02652512;0.02656904;0.02532977;0.02573906;1076494689.81;1844452032.1206157;"2020-10-16T23:59:59.999Z"
"2020-10-15T00:00:00.000Z";"2020-10-15T23:59:59.999Z";"2020-10-15T00:00:37.000Z";"2020-10-15T09:47:32.000Z";"2781";0.0268037;0.0268037;0.02632676;0.02653648;1067720846.97;1901594818.0214753;"2020-10-15T23:59:59.999Z"
"2020-10-14T00:00:00.000Z";"2020-10-14T23:59:59.999Z";"2020-10-14T09:07:32.000Z";"2020-10-14T17:14:32.000Z";"2781";0.02681946;0.02715951;0.02641271;0.0268272;1135266065.58;1922428036.9381578;"2020-10-14T23:59:59.999Z"
"2020-10-13T00:00:00.000Z";"2020-10-13T23:59:59.999Z";"2020-10-13T05:53:42.000Z";"2020-10-13T14:18:33.000Z";"2781";0.02708573;0.02727455;0.02654658;0.02678798;1240301674.42;1919617826.0662181;"2020-10-13T23:59:59.999Z"
"2020-10-12T00:00:00.000Z";"2020-10-12T23:59:59.999Z";"2020-10-12T20:19:33.000Z";"2020-10-12T11:25:36.000Z";"2781";0.02644141;0.0278026;0.02569655;0.02708219;1422722056.31;1940700716.209564;"2020-10-12T23:59:59.999Z"
"2020-10-11T00:00:00.000Z";"2020-10-11T23:59:59.999Z";"2020-10-11T17:36:32.000Z";"2020-10-11T00:51:36.000Z";"2781";0.02636007;0.02680819;0.02609386;0.02646722;1114292997.51;1896631752.6101155;"2020-10-11T23:59:59.999Z"
"2020-10-10T00:00:00.000Z";"2020-10-10T23:59:59.999Z";"2020-10-10T03:58:32.000Z";"2020-10-10T00:01:35.000Z";"2781";0.02620161;0.02727775;0.02619497;0.0263701;1436858808.21;1889672224.6131914;"2020-10-10T23:59:59.999Z"
"2020-10-09T00:00:00.000Z";"2020-10-09T23:59:59.999Z";"2020-10-09T16:06:37.000Z";"2020-10-09T00:36:32.000Z";"2781";0.0256929;0.02645756;0.02557631;0.02622305;1362210230.78;1879134843.2091277;"2020-10-09T23:59:59.999Z"
"2020-10-08T00:00:00.000Z";"2020-10-08T23:59:59.999Z";"2020-10-08T17:24:33.000Z";"2020-10-08T09:01:49.000Z";"2781";0.02548345;0.02585668;0.02504236;0.02567061;1188282585.93;1839546793.3562002;"2020-10-08T23:59:59.999Z"
"2020-10-07T00:00:00.000Z";"2020-10-07T23:59:59.999Z";"2020-10-07T19:56:33.000Z";"2020-10-07T01:44:31.000Z";"2781";0.02554432;0.02564496;0.02501479;0.025477;1067116403.44;1825672962.642066;"2020-10-07T23:59:59.999Z"
"2020-10-06T00:00:00.000Z";"2020-10-06T23:59:59.999Z";"2020-10-06T04:09:33.000Z";"2020-10-06T11:27:32.000Z";"2781";0.02642496;0.0264611;0.02530506;0.02558027;1299750869.92;1833073188.6961768;"2020-10-06T23:59:59.999Z"
"2020-10-05T00:00:00.000Z";"2020-10-05T23:59:59.999Z";"2020-10-05T01:01:34.000Z";"2020-10-05T14:45:38.000Z";"2781";0.02638701;0.02666021;0.0258858;0.0264428;1179082883.59;1894882100.9868045;"2020-10-05T23:59:59.999Z"
"2020-10-04T00:00:00.000Z";"2020-10-04T23:59:59.999Z";"2020-10-04T00:17:33.000Z";"2020-10-04T15:57:34.000Z";"2781";0.02717929;0.02735324;0.02583742;0.02636138;1304048999.51;1889047249.5994182;"2020-10-04T23:59:59.999Z"
"2020-10-03T00:00:00.000Z";"2020-10-03T23:59:59.999Z";"2020-10-03T16:51:33.000Z";"2020-10-03T00:16:36.000Z";"2781";0.02589671;0.02842482;0.02564456;0.02709181;1528316307.86;1941389684.342166;"2020-10-03T23:59:59.999Z"
"2020-10-02T00:00:00.000Z";"2020-10-02T23:59:59.999Z";"2020-10-02T23:07:37.000Z";"2020-10-02T10:38:32.000Z";"2781";0.02573606;0.02604946;0.02411006;0.02592159;1262331644.63;1857532430.0863202;"2020-10-02T23:59:59.999Z"
"2020-10-01T00:00:00.000Z";"2020-10-01T23:59:59.999Z";"2020-10-01T12:04:34.000Z";"2020-10-01T18:04:34.000Z";"2781";0.02606403;0.02654829;0.02518823;0.02559581;1221295537.41;1834187058.6130407;"2020-10-01T23:59:59.999Z"
"2020-09-30T00:00:00.000Z";"2020-09-30T23:59:59.999Z";"2020-09-30T17:01:33.000Z";"2020-09-30T04:22:33.000Z";"2781";0.02632495;0.02642924;0.02571202;0.02605891;1147697016.2;1867372298.127806;"2020-09-30T23:59:59.999Z"
"2020-09-29T00:00:00.000Z";"2020-09-29T23:59:59.999Z";"2020-09-29T07:21:34.000Z";"2020-09-29T17:50:37.000Z";"2781";0.02625872;0.02639285;0.0255652;0.02630002;1138184314.87;1884650071.9877048;"2020-09-29T23:59:59.999Z"
"2020-09-28T00:00:00.000Z";"2020-09-28T23:59:59.999Z";"2020-09-28T12:36:33.000Z";"2020-09-28T23:50:33.000Z";"2781";0.02660434;0.02709251;0.02627375;0.02630895;1564086684.99;1885290201.579369;"2020-09-28T23:59:59.999Z"
"2020-09-27T00:00:00.000Z";"2020-09-27T23:59:59.999Z";"2020-09-27T03:59:34.000Z";"2020-09-27T12:06:46.000Z";"2781";0.02720745;0.02748274;0.02609114;0.02658886;1707161010.76;1905348243.372821;"2020-09-27T23:59:59.999Z"
"2020-09-26T00:00:00.000Z";"2020-09-26T23:59:59.999Z";"2020-09-26T01:58:38.000Z";"2020-09-26T23:32:33.000Z";"2781";0.02715455;0.02887622;0.02711103;0.02725137;1742286537.17;1952823567.9306388;"2020-09-26T23:59:59.999Z"
"2020-09-25T00:00:00.000Z";"2020-09-25T23:59:59.999Z";"2020-09-25T22:03:38.000Z";"2020-09-25T08:57:31.000Z";"2781";0.02623786;0.02739996;0.02557061;0.02715056;1950671093.22;1945600040.4717822;"2020-09-25T23:59:59.999Z"
"2020-09-24T00:00:00.000Z";"2020-09-24T23:59:59.999Z";"2020-09-24T23:56:31.000Z";"2020-09-24T00:11:34.000Z";"2781";0.02486353;0.02619332;0.02453908;0.02619283;1082136388.79;1876968960.870905;"2020-09-24T23:59:59.999Z"
"2020-09-23T00:00:00.000Z";"2020-09-23T23:59:59.999Z";"2020-09-23T16:40:36.000Z";"2020-09-23T08:11:54.000Z";"2781";0.02499387;0.02607714;0.02471087;0.02485914;2221896912.25;1781397145.985433;"2020-09-23T23:59:59.999Z"
"2020-09-22T00:00:00.000Z";"2020-09-22T23:59:59.999Z";"2020-09-22T04:30:05.000Z";"2020-09-22T12:33:05.000Z";"2781";0.0250047217;0.0255137486;0.0246750812;0.0250439071;1948134714.4;1794637800.01586;"2020-09-22T23:59:59.999Z"
"2020-09-21T00:00:00.000Z";"2020-09-21T23:59:59.999Z";"2020-09-21T04:10:18.000Z";"2020-09-21T17:08:21.000Z";"2781";0.02698111;0.0275213351;0.024691162;0.0249987287;3377753024.04;1791400335.75126;"2020-09-21T23:59:59.999Z"
"2020-09-20T00:00:00.000Z";"2020-09-20T23:59:59.999Z";"2020-09-20T07:33:08.000Z";"2020-09-20T16:43:09.000Z";"2781";0.02776279;0.0277941341;0.0265230062;0.0269649553;2760499756.02;1932299456.72105;"2020-09-20T23:59:59.999Z"
"2020-09-19T00:00:00.000Z";"2020-09-19T23:59:59.999Z";"2020-09-19T00:18:01.000Z";"2020-09-19T23:15:07.000Z";"2781";0.029044983;0.0292947518;0.0276572449;0.0277822173;2897389598.32;1990864172.55373;"2020-09-19T23:59:59.999Z"
"2020-09-18T00:00:00.000Z";"2020-09-18T23:59:59.999Z";"2020-09-18T10:17:01.000Z";"2020-09-18T01:42:07.000Z";"2781";0.0281039284;0.02980099;0.02787463;0.0290889882;3523907327.91;2084506925.15055;"2020-09-18T23:59:59.999Z"
"2020-09-17T00:00:00.000Z";"2020-09-17T23:59:59.999Z";"2020-09-17T18:05:03.000Z";"2020-09-17T04:51:04.000Z";"2781";0.0264527967;0.028394745;0.0264265011;0.0281039284;2801521791.87;2013917882.91188;"2020-09-17T23:59:59.999Z"
"2020-09-16T00:00:00.000Z";"2020-09-16T23:59:59.999Z";"2020-09-16T12:30:02.000Z";"2020-09-16T22:17:02.000Z";"2781";0.0279094415;0.0292029751;0.0262379124;0.0264944488;3463620542.24;1898583126.17537;"2020-09-16T23:59:59.999Z"
"2020-09-15T00:00:00.000Z";"2020-09-15T23:59:59.999Z";"2020-09-15T00:02:02.000Z";"2020-09-15T23:08:03.000Z";"2781";0.0304032135;0.0304310549;0.0277007144;0.0279014791;3079049242.61;1999410433.88418;"2020-09-15T23:59:59.999Z"
"2020-09-14T00:00:00.000Z";"2020-09-14T23:59:59.999Z";"2020-09-14T14:16:02.000Z";"2020-09-14T01:08:21.000Z";"2781";0.030592254;0.0315861732;0.030154713;0.0304521747;2776982500.18;2182192407.80209;"2020-09-14T23:59:59.999Z"
"2020-09-13T00:00:00.000Z";"2020-09-13T23:59:59.999Z";"2020-09-13T00:02:04.000Z";"2020-09-13T17:14:10.000Z";"2781";0.0327485622;0.0327495988;0.0296588486;0.0305830212;2416138365.6;2191568821.28261;"2020-09-13T23:59:59.999Z"
"2020-09-12T00:00:00.000Z";"2020-09-12T23:59:59.999Z";"2020-09-12T00:03:05.000Z";"2020-09-12T17:52:06.000Z";"2781";0.0335481949;0.0335522617;0.0322477703;0.0327485622;2301374667.81;2346750748.69506;"2020-09-12T23:59:59.999Z"
"2020-09-11T00:00:00.000Z";"2020-09-11T23:59:59.999Z";"2020-09-11T16:31:01.000Z";"2020-09-11T03:57:02.000Z";"2781";0.0330772154;0.0344090114;0.0314313629;0.0335087301;2419591538.61;2401224115.63843;"2020-09-11T23:59:59.999Z"
"2020-09-10T00:00:00.000Z";"2020-09-10T23:59:59.999Z";"2020-09-10T02:23:02.000Z";"2020-09-10T20:08:16.000Z";"2781";0.0340587336;0.0351817347;0.0327256957;0.0330772154;2259381039.49;2370301923.65519;"2020-09-10T23:59:59.999Z"
"2020-09-09T00:00:00.000Z";"2020-09-09T23:59:59.999Z";"2020-09-09T01:04:03.000Z";"2020-09-09T23:31:07.000Z";"2781";0.0351095709;0.0358726039;0.0337931271;0.0340249396;2334257138.26;2438215516.46233;"2020-09-09T23:59:59.999Z"
"2020-09-08T00:00:00.000Z";"2020-09-08T23:59:59.999Z";"2020-09-08T16:48:02.000Z";"2020-09-08T01:53:02.000Z";"2781";0.0323287797;0.0354303995;0.0317595577;0.0350011419;3157190948.95;2508169832.62657;"2020-09-08T23:59:59.999Z"
"2020-09-07T00:00:00.000Z";"2020-09-07T23:59:59.999Z";"2020-09-07T23:21:03.000Z";"2020-09-07T12:53:03.000Z";"2781";0.031475722;0.0325516401;0.0286575284;0.0322764804;2401424525.77;2312921523.44703;"2020-09-07T23:59:59.999Z"
"2020-09-06T00:00:00.000Z";"2020-09-06T23:59:59.999Z";"2020-09-06T20:00:22.000Z";"2020-09-06T05:29:11.000Z";"2781";0.0299970343;0.0323742544;0.0281705777;0.0315233265;3126107644.75;2258950779.64072;"2020-09-06T23:59:59.999Z"
"2020-09-05T00:00:00.000Z";"2020-09-05T23:59:59.999Z";"2020-09-05T03:17:06.000Z";"2020-09-05T18:56:06.000Z";"2781";0.0357494495;0.0366561971;0.0281090741;0.0299970343;3631605784.01;2149577199.32224;"2020-09-05T23:59:59.999Z"
"2020-09-04T00:00:00.000Z";"2020-09-04T23:59:59.999Z";"2020-09-04T06:32:10.000Z";"2020-09-04T14:53:14.000Z";"2781";0.041029301;0.0444887887;0.0329938668;0.0356201101;5318358918.27;2552524882.57094;"2020-09-04T23:59:59.999Z"
"2020-09-03T00:00:00.000Z";"2020-09-03T23:59:59.999Z";"2020-09-03T18:26:10.000Z";"2020-09-03T00:06:17.000Z";"2781";0.0345443755;0.0488763864;0.0342915869;0.0411920089;6184131221.52;2951805243.81251;"2020-09-03T23:59:59.999Z"
"2020-09-02T00:00:00.000Z";"2020-09-02T23:59:59.999Z";"2020-09-02T13:26:07.000Z";"2020-09-02T16:45:03.000Z";"2781";0.0346172205;0.0380773464;0.0324146702;0.0344507167;4058694826.62;2468726552.90622;"2020-09-02T23:59:59.999Z"
"2020-09-01T00:00:00.000Z";"2020-09-01T23:59:59.999Z";"2020-09-01T21:47:02.000Z";"2020-09-01T00:25:24.000Z";"2781";0.0292767906;0.0356716855;0.0283803278;0.0345529542;2177409507.29;2476052862.26454;"2020-09-01T23:59:59.999Z"
"2020-08-31T00:00:00.000Z";"2020-08-31T23:59:59.999Z";"2020-08-31T18:10:15.000Z";"2020-08-31T07:49:14.000Z";"2781";0.0269914284;0.0297078809;0.0259086218;0.0292975404;1169223527.56;2099451707.21975;"2020-08-31T23:59:59.999Z"
"2020-08-30T00:00:00.000Z";"2020-08-30T23:59:59.999Z";"2020-08-30T20:19:10.000Z";"2020-08-30T00:01:05.000Z";"2781";0.025000671;0.0281397125;0.0249887903;0.0269523679;907256920.17;1931397451.97715;"2020-08-30T23:59:59.999Z"
"2020-08-29T00:00:00.000Z";"2020-08-29T23:59:59.999Z";"2020-08-29T18:35:12.000Z";"2020-08-29T03:12:15.000Z";"2781";0.0239853776;0.0251960063;0.023798948;0.0250380782;548310637.09;1794220105.79792;"2020-08-29T23:59:59.999Z"
"2020-08-28T00:00:00.000Z";"2020-08-28T23:59:59.999Z";"2020-08-28T16:20:01.000Z";"2020-08-28T00:39:02.000Z";"2781";0.0231080868;0.0242522445;0.0228025297;0.0239809428;563814715.16;1718466141.01284;"2020-08-28T23:59:59.999Z"
"2020-08-27T00:00:00.000Z";"2020-08-27T23:59:59.999Z";"2020-08-27T01:37:02.000Z";"2020-08-27T17:09:11.000Z";"2781";0.0237455178;0.0244700941;0.0223429941;0.0231000032;656715522.93;1655338315.35588;"2020-08-27T23:59:59.999Z"
"2020-08-26T00:00:00.000Z";"2020-08-26T23:59:59.999Z";"2020-08-26T17:18:06.000Z";"2020-08-26T00:56:02.000Z";"2781";0.0231234484;0.023922135;0.0228829859;0.0237467557;584388284.44;1701684374.19677;"2020-08-26T23:59:59.999Z"
"2020-08-25T00:00:00.000Z";"2020-08-25T23:59:59.999Z";"2020-08-25T01:57:11.000Z";"2020-08-25T18:15:03.000Z";"2781";0.025163625;0.0254072779;0.0224638085;0.0231324517;660656191.55;1657663559.52011;"2020-08-25T23:59:59.999Z"
"2020-08-24T00:00:00.000Z";"2020-08-24T23:59:59.999Z";"2020-08-24T12:15:06.000Z";"2020-08-24T01:28:18.000Z";"2781";0.0244516054;0.0256114095;0.0240488542;0.0251629656;562364026.75;1803169492.33602;"2020-08-24T23:59:59.999Z"
"2020-08-23T00:00:00.000Z";"2020-08-23T23:59:59.999Z";"2020-08-23T00:08:07.000Z";"2020-08-23T12:02:05.000Z";"2781";0.0251424497;0.0252320381;0.0238417906;0.0244651492;559951528.69;1753164209.0078;"2020-08-23T23:59:59.999Z"
"2020-08-22T00:00:00.000Z";"2020-08-22T23:59:59.999Z";"2020-08-22T23:13:03.000Z";"2020-08-22T00:31:10.000Z";"2781";0.0243493132;0.0254515488;0.0235483095;0.0251634718;871932825.06;1803205764.13998;"2020-08-22T23:59:59.999Z"
"2020-08-21T00:00:00.000Z";"2020-08-21T23:59:59.999Z";"2020-08-21T00:13:06.000Z";"2020-08-21T23:44:02.000Z";"2781";0.0275407249;0.0277291356;0.0242339102;0.0243433502;901541907.4;1744436133.38945;"2020-08-21T23:59:59.999Z"
"2020-08-20T00:00:00.000Z";"2020-08-20T23:59:59.999Z";"2020-08-20T01:11:04.000Z";"2020-08-20T00:01:04.000Z";"2781";0.0265193582;0.0277191224;0.0264495951;0.0275449503;925062329.65;1973861702.61362;"2020-08-20T23:59:59.999Z"
"2020-08-19T00:00:00.000Z";"2020-08-19T23:59:59.999Z";"2020-08-19T01:20:02.000Z";"2020-08-19T20:23:03.000Z";"2781";0.0287775973;0.0289246166;0.025642128;0.0265371256;1532284594.21;1901641329.03453;"2020-08-19T23:59:59.999Z"
"2020-08-18T00:00:00.000Z";"2020-08-18T23:59:59.999Z";"2020-08-18T03:02:03.000Z";"2020-08-18T13:58:03.000Z";"2781";0.0303322052;0.0323935346;0.0285074625;0.0288027372;1708225951.34;2063994279.52842;"2020-08-18T23:59:59.999Z"
"2020-08-17T00:00:00.000Z";"2020-08-17T23:59:59.999Z";"2020-08-17T23:11:04.000Z";"2020-08-17T02:34:15.000Z";"2781";0.0282074139;0.0311451056;0.026941582;0.0303881068;1342730120.77;2177601319.31017;"2020-08-17T23:59:59.999Z"
"2020-08-16T00:00:00.000Z";"2020-08-16T23:59:59.999Z";"2020-08-16T22:48:07.000Z";"2020-08-16T12:14:01.000Z";"2781";0.0252117801;0.0284444701;0.0242946406;0.0282074139;1128912474.97;2021333618.75006;"2020-08-16T23:59:59.999Z"
"2020-08-15T00:00:00.000Z";"2020-08-15T23:59:59.999Z";"2020-08-15T14:57:03.000Z";"2020-08-15T09:47:01.000Z";"2781";0.0247385039;0.0255082928;0.0237562811;0.0252007478;836345615.2;1805876955.62632;"2020-08-15T23:59:59.999Z"
"2020-08-14T00:00:00.000Z";"2020-08-14T23:59:59.999Z";"2020-08-14T16:18:03.000Z";"2020-08-14T00:00:02.000Z";"2781";0.0226283012;0.0257478;0.0226283012;0.0247504216;1078753054.04;1773606734.53014;"2020-08-14T23:59:59.999Z"
"2020-08-13T00:00:00.000Z";"2020-08-13T23:59:59.999Z";"2020-08-13T19:27:04.000Z";"2020-08-13T09:19:01.000Z";"2781";0.0203890227;0.0232132542;0.019705032;0.0226055411;771131136.15;1619905326.88972;"2020-08-13T23:59:59.999Z"
"2020-08-12T00:00:00.000Z";"2020-08-12T23:59:59.999Z";"2020-08-12T15:02:02.000Z";"2020-08-12T06:10:02.000Z";"2781";0.0201606272;0.0206639045;0.019190931;0.0203913372;477942728.66;1461236235.68187;"2020-08-12T23:59:59.999Z"
"2020-08-11T00:00:00.000Z";"2020-08-11T23:59:59.999Z";"2020-08-11T02:28:01.000Z";"2020-08-11T21:11:02.000Z";"2781";0.0215141684;0.0215218601;0.0196529791;0.0201572657;806259540.11;1444462750.00629;"2020-08-11T23:59:59.999Z"
"2020-08-10T00:00:00.000Z";"2020-08-10T23:59:59.999Z";"2020-08-10T12:46:01.000Z";"2020-08-10T00:00:05.000Z";"2781";0.0204959194;0.0217710006;0.0204959194;0.0215172484;596055236.76;1541918650.04233;"2020-08-10T23:59:59.999Z"
"2020-08-09T00:00:00.000Z";"2020-08-09T23:59:59.999Z";"2020-08-09T11:35:13.000Z";"2020-08-09T15:15:02.000Z";"2781";0.0204482487;0.0206337436;0.020205153;0.0204725502;383920387.08;1467055935.28394;"2020-08-09T23:59:59.999Z"
"2020-08-08T00:00:00.000Z";"2020-08-08T23:59:59.999Z";"2020-08-08T15:52:02.000Z";"2020-08-08T00:28:14.000Z";"2781";0.019898848;0.0205738433;0.0197837346;0.0204179518;396763867.25;1463143428.35461;"2020-08-08T23:59:59.999Z"
"2020-08-07T00:00:00.000Z";"2020-08-07T23:59:59.999Z";"2020-08-07T09:23:01.000Z";"2020-08-07T18:38:03.000Z";"2781";0.0202677336;0.0210596895;0.01931047;0.0199384516;800831329.06;1428782609.84752;"2020-08-07T23:59:59.999Z"
"2020-08-06T00:00:00.000Z";"2020-08-06T23:59:59.999Z";"2020-08-06T15:16:04.000Z";"2020-08-06T04:38:02.000Z";"2781";0.0204486819;0.0205374211;0.0200471783;0.0202751579;450623907.01;1452910867.03676;"2020-08-06T23:59:59.999Z"
"2020-08-05T00:00:00.000Z";"2020-08-05T23:59:59.999Z";"2020-08-05T11:18:07.000Z";"2020-08-05T02:29:03.000Z";"2781";0.0203594763;0.0207111866;0.0201724284;0.0204506666;472602438.45;1465487760.63076;"2020-08-05T23:59:59.999Z"
"2020-08-04T00:00:00.000Z";"2020-08-04T23:59:59.999Z";"2020-08-04T08:56:01.000Z";"2020-08-04T00:00:12.000Z";"2781";0.0198872686;0.0206359559;0.0198872686;0.0203520868;535229652.45;1458423565.85322;"2020-08-04T23:59:59.999Z"
"2020-08-03T00:00:00.000Z";"2020-08-03T23:59:59.999Z";"2020-08-03T19:02:08.000Z";"2020-08-03T00:06:27.000Z";"2781";0.0190559692;0.0200638524;0.0189362246;0.0198873467;530532808.21;1425120448.34614;"2020-08-03T23:59:59.999Z"
"2020-08-02T00:00:00.000Z";"2020-08-02T23:59:59.999Z";"2020-08-02T03:53:05.000Z";"2020-08-02T11:50:17.000Z";"2781";0.0204080244;0.0211217652;0.0187445363;0.019039175;764416764.22;1364340754.9623;"2020-08-02T23:59:59.999Z"
"2020-08-01T00:00:00.000Z";"2020-08-01T23:59:59.999Z";"2020-08-01T20:35:02.000Z";"2020-08-01T14:22:02.000Z";"2781";0.0196771484;0.0206796034;0.0194999565;0.0203955869;625808105.89;1461540770.74466;"2020-08-01T23:59:59.999Z"
"2020-07-31T00:00:00.000Z";"2020-07-31T23:59:59.999Z";"2020-07-31T21:46:05.000Z";"2020-07-31T04:22:03.000Z";"2781";0.0192694894;0.0197239321;0.0190181237;0.0196771484;472882523.15;1410057714.70305;"2020-07-31T23:59:59.999Z"
"2020-07-30T00:00:00.000Z";"2020-07-30T23:59:59.999Z";"2020-07-30T21:10:05.000Z";"2020-07-30T13:08:01.000Z";"2781";0.0193347114;0.0193842817;0.018817312;0.01927641;465222604.07;1381340937.33984;"2020-07-30T23:59:59.999Z"
"2020-07-29T00:00:00.000Z";"2020-07-29T23:59:59.999Z";"2020-07-29T03:18:03.000Z";"2020-07-29T01:01:03.000Z";"2781";0.0191204963;0.0198464395;0.0190143138;0.019325354;561417584;1384848244.8584;"2020-07-29T23:59:59.999Z"
"2020-07-28T00:00:00.000Z";"2020-07-28T23:59:59.999Z";"2020-07-28T20:43:23.000Z";"2020-07-28T10:17:01.000Z";"2781";0.018717574;0.019441571;0.0182648457;0.0191221898;548888123.68;1370289569.05037;"2020-07-28T23:59:59.999Z"
"2020-07-27T00:00:00.000Z";"2020-07-27T23:59:59.999Z";"2020-07-27T22:28:01.000Z";"2020-07-27T15:22:04.000Z";"2781";0.0185252236;0.0190519848;0.0178257305;0.0186658761;570027397.54;1337590283.99287;"2020-07-27T23:59:59.999Z"
"2020-07-26T00:00:00.000Z";"2020-07-26T23:59:59.999Z";"2020-07-26T08:26:05.000Z";"2020-07-26T12:38:20.000Z";"2781";0.0186809127;0.0191656905;0.0183305067;0.0185248275;456539888.18;1327482791.02745;"2020-07-26T23:59:59.999Z"
"2020-07-25T00:00:00.000Z";"2020-07-25T23:59:59.999Z";"2020-07-25T22:35:11.000Z";"2020-07-25T00:05:06.000Z";"2781";0.0179496757;0.0187242716;0.0179235433;0.0186831145;425724567.45;1338825586.00106;"2020-07-25T23:59:59.999Z"
"2020-07-24T00:00:00.000Z";"2020-07-24T23:59:59.999Z";"2020-07-24T21:58:03.000Z";"2020-07-24T07:29:01.000Z";"2781";0.0178654077;0.0182402118;0.0175356183;0.0179585809;387143586.25;1286905756.67302;"2020-07-24T23:59:59.999Z"
"2020-07-23T00:00:00.000Z";"2020-07-23T23:59:59.999Z";"2020-07-23T00:48:01.000Z";"2020-07-23T06:42:06.000Z";"2781";0.0179475464;0.0180082457;0.0177761585;0.0178635125;383109394.38;1191176033.33105;"2020-07-23T23:59:59.999Z"
"2020-07-22T00:00:00.000Z";"2020-07-22T23:59:59.999Z";"2020-07-22T23:30:02.000Z";"2020-07-22T08:02:48.000Z";"2781";0.0175625943;0.0179747621;0.0174383379;0.017952913;321816293.68;1197137438.70479;"2020-07-22T23:59:59.999Z"
"2020-07-21T00:00:00.000Z";"2020-07-21T23:59:59.999Z";"2020-07-21T13:37:06.000Z";"2020-07-21T00:09:04.000Z";"2781";0.0172166295;0.0176485217;0.01717994;0.0175618522;361737984.25;1171060697.84881;"2020-07-21T23:59:59.999Z"
"2020-07-20T00:00:00.000Z";"2020-07-20T23:59:59.999Z";"2020-07-20T00:18:16.000Z";"2020-07-20T19:55:12.000Z";"2781";0.0174790226;0.0175172199;0.0170998394;0.0172192326;339773904.84;1148214111.47375;"2020-07-20T23:59:59.999Z"
"2020-07-19T00:00:00.000Z";"2020-07-19T23:59:59.999Z";"2020-07-19T00:38:18.000Z";"2020-07-19T16:04:18.000Z";"2781";0.0173958866;0.0175326488;0.0172469476;0.0174774798;335531449.96;1165434572.51464;"2020-07-19T23:59:59.999Z"
"2020-07-18T00:00:00.000Z";"2020-07-18T23:59:59.999Z";"2020-07-18T23:49:13.000Z";"2020-07-18T08:28:06.000Z";"2781";0.0171823652;0.0174635398;0.0170157597;0.0174003042;313414179.82;1160288339.69646;"2020-07-18T23:59:59.999Z"
"2020-07-17T00:00:00.000Z";"2020-07-17T23:59:59.999Z";"2020-07-17T13:10:01.000Z";"2020-07-17T05:44:03.000Z";"2781";0.017137498;0.0173259405;0.0170391864;0.0171829462;321094831.36;1145794457.28895;"2020-07-17T23:59:59.999Z"
"2020-07-16T00:00:00.000Z";"2020-07-16T23:59:59.999Z";"2020-07-16T00:50:03.000Z";"2020-07-16T10:15:08.000Z";"2781";0.0175563458;0.0175943115;0.0167687998;0.0171443375;407189008.89;1143219950.08188;"2020-07-16T23:59:59.999Z"
"2020-07-15T00:00:00.000Z";"2020-07-15T23:59:59.999Z";"2020-07-15T02:05:12.000Z";"2020-07-15T09:30:30.000Z";"2781";0.0176397182;0.0177707197;0.0174934562;0.0175606007;381803425.77;1170977243.34169;"2020-07-15T23:59:59.999Z"
"2020-07-14T00:00:00.000Z";"2020-07-14T23:59:59.999Z";"2020-07-14T18:24:25.000Z";"2020-07-14T04:25:11.000Z";"2781";0.0175374887;0.0177479104;0.0171983436;0.017640633;440691747.47;1176313962.88125;"2020-07-14T23:59:59.999Z"
"2020-07-13T00:00:00.000Z";"2020-07-13T23:59:59.999Z";"2020-07-13T12:53:06.000Z";"2020-07-13T19:38:20.000Z";"2781";0.0181532901;0.0183376326;0.017372328;0.017552602;496850309.03;1170443870.73689;"2020-07-13T23:59:59.999Z"
"2020-07-12T00:00:00.000Z";"2020-07-12T23:59:59.999Z";"2020-07-12T01:43:02.000Z";"2020-07-12T17:47:08.000Z";"2781";0.0183768031;0.0184804213;0.0179675584;0.0181532901;427938227.4;1210498998.68577;"2020-07-12T23:59:59.999Z"
"2020-07-11T00:00:00.000Z";"2020-07-11T23:59:59.999Z";"2020-07-11T07:59:01.000Z";"2020-07-11T00:00:03.000Z";"2781";0.0181337081;0.0187635837;0.0181337081;0.0183656367;497162339.08;1224658712.19708;"2020-07-11T23:59:59.999Z"
"2020-07-10T00:00:00.000Z";"2020-07-10T23:59:59.999Z";"2020-07-10T03:40:10.000Z";"2020-07-10T07:06:04.000Z";"2781";0.0184295533;0.0185720259;0.0178241467;0.0181426707;572487094.57;1209790878.84254;"2020-07-10T23:59:59.999Z"
"2020-07-09T00:00:00.000Z";"2020-07-09T23:59:59.999Z";"2020-07-09T06:44:02.000Z";"2020-07-09T02:02:11.000Z";"2781";0.0179000688;0.0187823381;0.0176035019;0.0184510465;807804059.96;1230354015.19332;"2020-07-09T23:59:59.999Z"
"2020-07-08T00:00:00.000Z";"2020-07-08T23:59:59.999Z";"2020-07-08T22:42:02.000Z";"2020-07-08T00:28:22.000Z";"2781";0.0171447818;0.0180662978;0.0168514013;0.0179055912;766932917.08;1193981923.06098;"2020-07-08T23:59:59.999Z"
"2020-07-07T00:00:00.000Z";"2020-07-07T23:59:59.999Z";"2020-07-07T00:16:13.000Z";"2020-07-07T20:27:18.000Z";"2781";0.0180054722;0.0180647955;0.0171030399;0.0171902038;703321313.15;1146278410.64978;"2020-07-07T23:59:59.999Z"
"2020-07-06T00:00:00.000Z";"2020-07-06T23:59:59.999Z";"2020-07-06T23:58:20.000Z";"2020-07-06T00:00:15.000Z";"2781";0.0168404697;0.0180822925;0.0168404697;0.0180204962;1023605276.42;1201644030.21364;"2020-07-06T23:59:59.999Z"
"2020-07-05T00:00:00.000Z";"2020-07-05T23:59:59.999Z";"2020-07-05T00:23:03.000Z";"2020-07-05T10:06:03.000Z";"2781";0.0168087619;0.0168439656;0.0164272356;0.0168404697;649642720.74;1122957416.63924;"2020-07-05T23:59:59.999Z"
"2020-07-04T00:00:00.000Z";"2020-07-04T23:59:59.999Z";"2020-07-04T03:27:03.000Z";"2020-07-04T00:05:02.000Z";"2781";0.0166453206;0.0169339568;0.0166057641;0.0168038743;640532540.92;1120517161.62171;"2020-07-04T23:59:59.999Z"
"2020-07-03T00:00:00.000Z";"2020-07-03T23:59:59.999Z";"2020-07-03T08:11:02.000Z";"2020-07-03T23:43:15.000Z";"2781";0.0166887067;0.0170350019;0.0165690296;0.0166624492;585485000.6;1111086638.46615;"2020-07-03T23:59:59.999Z"
"2020-07-02T00:00:00.000Z";"2020-07-02T23:59:59.999Z";"2020-07-02T02:47:11.000Z";"2020-07-02T16:44:20.000Z";"2781";0.0168653032;0.0172256696;0.0162858302;0.0166943999;784497063.05;1113217182.58465;"2020-07-02T23:59:59.999Z"
"2020-07-01T00:00:00.000Z";"2020-07-01T23:59:59.999Z";"2020-07-01T16:40:03.000Z";"2020-07-01T03:45:16.000Z";"2781";0.0163714805;0.0170347828;0.0162509264;0.0168711191;691472812.08;1125001179.24866;"2020-07-01T23:59:59.999Z"
"2020-06-30T00:00:00.000Z";"2020-06-30T23:59:59.999Z";"2020-06-30T12:00:13.000Z";"2020-06-30T01:38:06.000Z";"2781";0.0161935547;0.016604744;0.0161805686;0.0163722285;670713845.54;1091734121.45079;"2020-06-30T23:59:59.999Z"
"2020-06-29T00:00:00.000Z";"2020-06-29T23:59:59.999Z";"2020-06-29T18:41:16.000Z";"2020-06-29T08:26:00.000Z";"2781";0.0158155917;0.0163684361;0.015794758;0.0162030331;715965924.11;1080451824.54756;"2020-06-29T23:59:59.999Z"
"2020-06-28T00:00:00.000Z";"2020-06-28T23:59:59.999Z";"2020-06-28T19:10:01.000Z";"2020-06-28T04:56:02.000Z";"2781";0.015512707;0.0160246904;0.0153413147;0.0158152679;524320333.49;1054594838.09465;"2020-06-28T23:59:59.999Z"
"2020-06-27T00:00:00.000Z";"2020-06-27T23:59:59.999Z";"2020-06-27T12:32:06.000Z";"2020-06-27T19:54:05.000Z";"2781";0.0158401189;0.016074674;0.0152361515;0.015512707;579087365.45;1034419445.57079;"2020-06-27T23:59:59.999Z"
"2020-06-26T00:00:00.000Z";"2020-06-26T23:59:59.999Z";"2020-06-26T03:57:01.000Z";"2020-06-26T11:51:00.000Z";"2781";0.0159254109;0.016091675;0.0157176032;0.0158405747;536770367.9;1056282345.50529;"2020-06-26T23:59:59.999Z"
"2020-06-25T00:00:00.000Z";"2020-06-25T23:59:59.999Z";"2020-06-25T21:19:07.000Z";"2020-06-25T03:39:21.000Z";"2781";0.0159632636;0.0160841697;0.0156000999;0.015932721;514058865.46;1062426851.78073;"2020-06-25T23:59:59.999Z"
"2020-06-24T00:00:00.000Z";"2020-06-24T23:59:59.999Z";"2020-06-24T07:06:07.000Z";"2020-06-24T15:58:10.000Z";"2781";0.0165307633;0.0168177766;0.0158464755;0.0159643277;586064620.36;1064534452.53198;"2020-06-24T23:59:59.999Z"
"2020-06-23T00:00:00.000Z";"2020-06-23T23:59:59.999Z";"2020-06-23T20:38:00.000Z";"2020-06-23T01:59:18.000Z";"2781";0.0163288378;0.0167583026;0.0161335509;0.016525138;782289504.92;1101930447.35604;"2020-06-23T23:59:59.999Z"
"2020-06-22T00:00:00.000Z";"2020-06-22T23:59:59.999Z";"2020-06-22T23:46:03.000Z";"2020-06-22T00:09:04.000Z";"2781";0.0158383297;0.0163554527;0.0158381062;0.0163309487;785970254.05;1088981496.96671;"2020-06-22T23:59:59.999Z"
"2020-06-21T00:00:00.000Z";"2020-06-21T23:59:59.999Z";"2020-06-21T09:58:02.000Z";"2020-06-21T23:28:01.000Z";"2781";0.0159341599;0.016050902;0.0158170485;0.0158393691;912842171.52;1056201955.2261;"2020-06-21T23:59:59.999Z"
"2020-06-20T00:00:00.000Z";"2020-06-20T23:59:59.999Z";"2020-06-20T22:51:03.000Z";"2020-06-20T15:30:23.000Z";"2781";0.0157994375;0.0160819475;0.0157113345;0.0159307885;890585140.15;1062297989.06298;"2020-06-20T23:59:59.999Z"
"2020-06-19T00:00:00.000Z";"2020-06-19T23:59:59.999Z";"2020-06-19T13:53:07.000Z";"2020-06-19T03:53:21.000Z";"2781";0.0160616238;0.0161295692;0.0157606756;0.0157994375;783041745.08;1053539228.8778;"2020-06-19T23:59:59.999Z"
"2020-06-18T00:00:00.000Z";"2020-06-18T23:59:59.999Z";"2020-06-18T01:16:01.000Z";"2020-06-18T21:21:08.000Z";"2781";0.0161998416;0.016210225;0.0158959892;0.0160641007;800422737.84;1071187522.12055;"2020-06-18T23:59:59.999Z"
"2020-06-17T00:00:00.000Z";"2020-06-17T23:59:59.999Z";"2020-06-17T13:24:02.000Z";"2020-06-17T20:07:17.000Z";"2781";0.0161445649;0.0164501838;0.0159677995;0.0161998416;1212665543.47;1080239006.2936;"2020-06-17T23:59:59.999Z"
"2020-06-16T00:00:00.000Z";"2020-06-16T23:59:59.999Z";"2020-06-16T03:40:01.000Z";"2020-06-16T02:31:17.000Z";"2781";0.0161107844;0.0162318921;0.0160197579;0.0161463114;1204257817.93;1076669504.84019;"2020-06-16T23:59:59.999Z"
"2020-06-15T00:00:00.000Z";"2020-06-15T23:59:59.999Z";"2020-06-15T00:00:11.000Z";"2020-06-15T06:36:05.000Z";"2781";0.0162568146;0.0162568146;0.0151702058;0.0161133081;1347052816.87;1074468776.45371;"2020-06-15T23:59:59.999Z"
"2020-06-14T00:00:00.000Z";"2020-06-14T23:59:59.999Z";"2020-06-14T00:03:05.000Z";"2020-06-14T22:25:11.000Z";"2781";0.0167064695;0.0167225739;0.0161757528;0.0162568146;1332912266.17;1084038087.57339;"2020-06-14T23:59:59.999Z"
"2020-06-13T00:00:00.000Z";"2020-06-13T23:59:59.999Z";"2020-06-13T19:49:08.000Z";"2020-06-13T04:27:06.000Z";"2781";0.016475102;0.0167356701;0.0161974364;0.0167045135;1362642566.01;1113891577.42975;"2020-06-13T23:59:59.999Z"
"2020-06-12T00:00:00.000Z";"2020-06-12T23:59:59.999Z";"2020-06-12T14:03:04.000Z";"2020-06-12T00:09:02.000Z";"2781";0.0158131168;0.0166382169;0.0157104621;0.0164584826;1431010897.11;1097485725.93434;"2020-06-12T23:59:59.999Z"
"2020-06-11T00:00:00.000Z";"2020-06-11T23:59:59.999Z";"2020-06-11T01:38:02.000Z";"2020-06-11T17:03:11.000Z";"2781";0.0176054087;0.0177035456;0.0156479213;0.0158063519;1479076107.85;1054000297.98503;"2020-06-11T23:59:59.999Z"
"2020-06-10T00:00:00.000Z";"2020-06-10T23:59:59.999Z";"2020-06-10T02:05:04.000Z";"2020-06-10T18:55:01.000Z";"2781";0.0176075709;0.0176666775;0.0173716474;0.0176083272;1453161201.96;1174159746.77382;"2020-06-10T23:59:59.999Z"
"2020-06-09T00:00:00.000Z";"2020-06-09T23:59:59.999Z";"2020-06-09T00:03:01.000Z";"2020-06-09T04:21:05.000Z";"2781";0.0179541484;0.0179636975;0.0175057408;0.0176087039;1527613343.47;1174184864.78348;"2020-06-09T23:59:59.999Z"
"2020-06-08T00:00:00.000Z";"2020-06-08T23:59:59.999Z";"2020-06-08T08:18:02.000Z";"2020-06-08T23:01:01.000Z";"2781";0.0181932803;0.0185584915;0.0177813384;0.0179565965;1671492248.33;1197383066.23866;"2020-06-08T23:59:59.999Z"
"2020-06-07T00:00:00.000Z";"2020-06-07T23:59:59.999Z";"2020-06-07T20:45:03.000Z";"2020-06-07T14:09:06.000Z";"2781";0.0170009272;0.0181986666;0.016991592;0.0181790037;1796519391.67;1212213636.77105;"2020-06-07T23:59:59.999Z"
"2020-06-06T00:00:00.000Z";"2020-06-06T23:59:59.999Z";"2020-06-06T12:17:03.000Z";"2020-06-06T03:34:02.000Z";"2781";0.0169313068;0.0170958916;0.016641429;0.0169932481;1517537231.39;1133144993.85661;"2020-06-06T23:59:59.999Z"
"2020-06-05T00:00:00.000Z";"2020-06-05T23:59:59.999Z";"2020-06-05T09:03:02.000Z";"2020-06-05T00:36:04.000Z";"2781";0.0169089412;0.0172681591;0.0168159899;0.0169376182;1509634218.32;1129435476.70878;"2020-06-05T23:59:59.999Z"
"2020-06-04T00:00:00.000Z";"2020-06-04T23:59:59.999Z";"2020-06-04T04:10:01.000Z";"2020-06-04T11:35:02.000Z";"2781";0.016880721;0.0173147868;0.016466038;0.0169098243;1580934885.38;1127582122.04254;"2020-06-04T23:59:59.999Z"
"2020-06-03T00:00:00.000Z";"2020-06-03T23:59:59.999Z";"2020-06-03T21:27:06.000Z";"2020-06-03T05:33:03.000Z";"2781";0.0163091518;0.0169149858;0.0161224332;0.0168749164;1607589690.4;1125254391.5815;"2020-06-03T23:59:59.999Z"
"2020-06-02T00:00:00.000Z";"2020-06-02T23:59:59.999Z";"2020-06-02T13:29:02.000Z";"2020-06-02T15:34:01.000Z";"2781";0.0169999422;0.0174357529;0.0158989071;0.0163067674;1668286861.54;1087369039.33479;"2020-06-02T23:59:59.999Z"
"2020-06-01T00:00:00.000Z";"2020-06-01T23:59:59.999Z";"2020-06-01T23:54:03.000Z";"2020-06-01T00:06:03.000Z";"2781";0.0158703161;0.0170264801;0.0158158948;0.0170074276;1709386487.06;1134090518.00057;"2020-06-01T23:59:59.999Z"
"2020-05-31T00:00:00.000Z";"2020-05-31T23:59:59.999Z";"2020-05-31T12:09:03.000Z";"2020-05-31T23:44:02.000Z";"2781";0.0163179765;0.0171020127;0.0157402081;0.0158911107;1730497289.03;1059652188.51171;"2020-05-31T23:59:59.999Z"
"2020-05-30T00:00:00.000Z";"2020-05-30T23:59:59.999Z";"2020-05-30T21:59:05.000Z";"2020-05-30T00:37:03.000Z";"2781";0.0150135752;0.0163258611;0.0149288155;0.0163144149;1646591606.48;1087878990.78861;"2020-05-30T23:59:59.999Z"
"2020-05-29T00:00:00.000Z";"2020-05-29T23:59:59.999Z";"2020-05-29T00:38:02.000Z";"2020-05-29T22:12:05.000Z";"2781";0.0151194546;0.0153212933;0.0149340267;0.015011456;1366748931.88;1000994991.06298;"2020-05-29T23:59:59.999Z"
"2020-05-28T00:00:00.000Z";"2020-05-28T23:59:59.999Z";"2020-05-28T23:45:08.000Z";"2020-05-28T05:05:03.000Z";"2781";0.0147290069;0.0151573259;0.0146168746;0.0151306973;1428376208.66;1008946251.76531;"2020-05-28T23:59:59.999Z"
"2020-05-27T00:00:00.000Z";"2020-05-27T23:59:59.999Z";"2020-05-27T12:36:01.000Z";"2020-05-27T04:45:01.000Z";"2781";0.0145687821;0.0148930621;0.0145251624;0.0147298343;1379206168.55;982215875.000154;"2020-05-27T23:59:59.999Z"
"2020-05-26T00:00:00.000Z";"2020-05-26T23:59:59.999Z";"2020-05-26T00:20:07.000Z";"2020-05-26T16:02:05.000Z";"2781";0.014744289;0.0147674216;0.0143280059;0.0145660615;1406337763.08;971295166.721222;"2020-05-26T23:59:59.999Z"
"2020-05-25T00:00:00.000Z";"2020-05-25T23:59:59.999Z";"2020-05-25T23:40:07.000Z";"2020-05-25T03:24:02.000Z";"2781";0.0143905473;0.0147663333;0.0142580077;0.0147422355;1472796404.35;983042810.3466;"2020-05-25T23:59:59.999Z"
"2020-05-24T00:00:00.000Z";"2020-05-24T23:59:59.999Z";"2020-05-24T09:10:01.000Z";"2020-05-24T23:59:01.000Z";"2781";0.0150438445;0.0152693647;0.0144296042;0.0144296042;1484128068.05;962195908.364258;"2020-05-24T23:59:59.999Z"
"2020-05-23T00:00:00.000Z";"2020-05-23T23:59:59.999Z";"2020-05-23T03:05:03.000Z";"2020-05-23T00:04:02.000Z";"2781";0.0148568737;0.01558899;0.0148511567;0.0150478053;1511113355.77;1003418838.91663;"2020-05-23T23:59:59.999Z"
"2020-05-22T00:00:00.000Z";"2020-05-22T23:59:59.999Z";"2020-05-22T22:05:07.000Z";"2020-05-22T00:41:01.000Z";"2781";0.0142580084;0.0150565954;0.014136463;0.0148592612;1529285625.85;990846328.055937;"2020-05-22T23:59:59.999Z"
"2020-05-21T00:00:00.000Z";"2020-05-21T23:59:59.999Z";"2020-05-21T01:19:01.000Z";"2020-05-21T19:05:05.000Z";"2781";0.0149975962;0.0150420634;0.013920572;0.0142562586;1485466979.74;950636866.624809;"2020-05-21T23:59:59.999Z"
"2020-05-20T00:00:00.000Z";"2020-05-20T23:59:59.999Z";"2020-05-20T00:00:03.000Z";"2020-05-20T16:23:03.000Z";"2781";0.0155099026;0.0155099026;0.0148037;0.0150006882;1549092830.17;1000276975.30684;"2020-05-20T23:59:59.999Z"
"2020-05-19T00:00:00.000Z";"2020-05-19T23:59:59.999Z";"2020-05-19T23:59:02.000Z";"2020-05-19T04:02:04.000Z";"2781";0.0153520156;0.0155118598;0.0151720827;0.0155118598;1525778976.76;1034362953.18606;"2020-05-19T23:59:59.999Z"
"2020-05-18T00:00:00.000Z";"2020-05-18T23:59:59.999Z";"2020-05-18T05:46:04.000Z";"2020-05-18T00:05:07.000Z";"2781";0.0150105996;0.0155247915;0.0149895305;0.0153558619;1514322600.63;1023960689.81652;"2020-05-18T23:59:59.999Z"
"2020-05-17T00:00:00.000Z";"2020-05-17T23:59:59.999Z";"2020-05-17T16:00:01.000Z";"2020-05-17T10:02:01.000Z";"2781";0.0149644112;0.0151394228;0.014939722;0.0150038998;1507268888.77;1000491131.70328;"2020-05-17T23:59:59.999Z"
"2020-05-16T00:00:00.000Z";"2020-05-16T23:59:59.999Z";"2020-05-16T05:40:03.000Z";"2020-05-16T00:17:01.000Z";"2781";0.0149163742;0.0150815527;0.0148310842;0.0149619979;1494408339.34;997697025.15562;"2020-05-16T23:59:59.999Z"
"2020-05-15T00:00:00.000Z";"2020-05-15T23:59:59.999Z";"2020-05-15T00:10:04.000Z";"2020-05-15T20:46:02.000Z";"2781";0.0152609935;0.01527229;0.0147847685;0.0149168315;1521940437.39;994685234.856595;"2020-05-15T23:59:59.999Z"
"2020-05-14T00:00:00.000Z";"2020-05-14T23:59:59.999Z";"2020-05-14T22:55:04.000Z";"2020-05-14T05:39:02.000Z";"2781";0.0149983352;0.0153230379;0.0148564512;0.0152631721;1642843797.47;1017779947.06271;"2020-05-14T23:59:59.999Z"
"2020-05-13T00:00:00.000Z";"2020-05-13T23:59:59.999Z";"2020-05-13T03:04:03.000Z";"2020-05-13T00:20:03.000Z";"2781";0.014555834;0.0151828161;0.0145166882;0.0150027001;1584119641.02;1000411128.4335;"2020-05-13T23:59:59.999Z"
"2020-05-12T00:00:00.000Z";"2020-05-12T23:59:59.999Z";"2020-05-12T11:12:05.000Z";"2020-05-12T00:52:01.000Z";"2781";0.0140394993;0.0148920477;0.0139751943;0.0145588833;1644365119.87;970816507.163418;"2020-05-12T23:59:59.999Z"
"2020-05-11T00:00:00.000Z";"2020-05-11T23:59:59.999Z";"2020-05-11T00:43:02.000Z";"2020-05-11T18:25:02.000Z";"2781";0.0142857289;0.0144396967;0.0134829387;0.0140220087;1723522613.32;935016594.781465;"2020-05-11T23:59:59.999Z"
"2020-05-10T00:00:00.000Z";"2020-05-10T23:59:59.999Z";"2020-05-10T00:00:02.000Z";"2020-05-10T17:04:01.000Z";"2781";0.0161849923;0.0161849923;0.0137047012;0.0142827351;1751400504.08;952402372.542064;"2020-05-10T23:59:59.999Z"
"2020-05-09T00:00:00.000Z";"2020-05-09T23:59:59.999Z";"2020-05-09T06:21:03.000Z";"2020-05-09T22:52:02.000Z";"2781";0.0163202855;0.016570344;0.016152533;0.0161980288;1624909899.59;1080118125.14649;"2020-05-09T23:59:59.999Z"
"2020-05-08T00:00:00.000Z";"2020-05-08T23:59:59.999Z";"2020-05-08T18:30:01.000Z";"2020-05-08T06:42:01.000Z";"2781";0.0160494022;0.0165505702;0.015969248;0.0163248542;1695737285.12;1088575109.45921;"2020-05-08T23:59:59.999Z"
"2020-05-07T00:00:00.000Z";"2020-05-07T23:59:59.999Z";"2020-05-07T19:14:03.000Z";"2020-05-07T02:03:09.000Z";"2781";0.0157912822;0.0162273548;0.0155802883;0.0160557282;1694644130.39;1070629228.09817;"2020-05-07T23:59:59.999Z"
"2020-05-06T00:00:00.000Z";"2020-05-06T23:59:59.999Z";"2020-05-06T10:57:06.000Z";"2020-05-06T00:53:03.000Z";"2781";0.0158967339;0.0162758354;0.015763868;0.0158275327;1566060151.42;1055412676.6328;"2020-05-06T23:59:59.999Z"
"2020-05-05T00:00:00.000Z";"2020-05-05T23:59:59.999Z";"2020-05-05T09:50:03.000Z";"2020-05-05T14:41:03.000Z";"2781";0.0163068471;0.0166271479;0.0157969555;0.0159023495;1797335085.82;1060401614.18447;"2020-05-05T23:59:59.999Z"
"2020-05-04T00:00:00.000Z";"2020-05-04T23:59:59.999Z";"2020-05-04T18:43:06.000Z";"2020-05-04T05:33:05.000Z";"2781";0.016024754;0.0163993066;0.0153556302;0.0163065132;1743677561.34;1087352090.34574;"2020-05-04T23:59:59.999Z"
"2020-05-03T00:00:00.000Z";"2020-05-03T23:59:59.999Z";"2020-05-03T00:56:03.000Z";"2020-05-03T15:05:01.000Z";"2781";0.0163838907;0.0165565533;0.0157940591;0.016020318;1561508724.22;1068267999.37805;"2020-05-03T23:59:59.999Z"
"2020-05-02T00:00:00.000Z";"2020-05-02T23:59:59.999Z";"2020-05-02T18:04:03.000Z";"2020-05-02T08:57:02.000Z";"2781";0.0159100707;0.0164226156;0.0158643975;0.0163749555;1500824957.82;1091915962.40808;"2020-05-02T23:59:59.999Z"
"2020-05-01T00:00:00.000Z";"2020-05-01T23:59:59.999Z";"2020-05-01T10:13:03.000Z";"2020-05-01T00:03:02.000Z";"2781";0.0152763953;0.0163306684;0.0152748898;0.0158926498;1620462039.46;1059754823.47675;"2020-05-01T23:59:59.999Z"
"2020-04-30T00:00:00.000Z";"2020-04-30T23:59:59.999Z";"2020-04-30T06:21:03.000Z";"2020-04-30T18:01:01.000Z";"2781";0.0163111273;0.0166494137;0.0152187284;0.0152775181;1686974900.17;1018736564.52288;"2020-04-30T23:59:59.999Z"
"2020-04-29T00:00:00.000Z";"2020-04-29T23:59:59.999Z";"2020-04-29T21:59:03.000Z";"2020-04-29T04:13:03.000Z";"2781";0.0153889131;0.016422276;0.0151124019;0.0163112382;1744485549.09;1087667165.1173;"2020-04-29T23:59:59.999Z"
"2020-04-28T00:00:00.000Z";"2020-04-28T23:59:59.999Z";"2020-04-28T23:18:05.000Z";"2020-04-28T01:34:05.000Z";"2781";0.0145605973;0.0154230572;0.0144102326;0.0153945514;1536500536.97;1026540586.05528;"2020-04-28T23:59:59.999Z"
"2020-04-27T00:00:00.000Z";"2020-04-27T23:59:59.999Z";"2020-04-27T11:52:07.000Z";"2020-04-27T00:02:06.000Z";"2781";0.0142554519;0.0146466055;0.0142506203;0.0145540195;1431665480.34;970492181.314584;"2020-04-27T23:59:59.999Z"
"2020-04-26T00:00:00.000Z";"2020-04-26T23:59:59.999Z";"2020-04-26T21:53:08.000Z";"2020-04-26T00:02:07.000Z";"2781";0.0140130788;0.0142728464;0.0140120618;0.0142523648;1396232783.2;950377220.365534;"2020-04-26T23:59:59.999Z"
"2020-04-25T00:00:00.000Z";"2020-04-25T23:59:59.999Z";"2020-04-25T07:03:00.000Z";"2020-04-25T08:34:07.000Z";"2781";0.0140162249;0.0142435153;0.0138333479;0.0140177107;1484554238.42;934729997.655745;"2020-04-25T23:59:59.999Z"
"2020-04-24T00:00:00.000Z";"2020-04-24T23:59:59.999Z";"2020-04-24T03:37:06.000Z";"2020-04-24T00:15:07.000Z";"2781";0.0135581302;0.0143295431;0.0135385403;0.0140192465;1538403027.34;934832407.408751;"2020-04-24T23:59:59.999Z"
"2020-04-23T00:00:00.000Z";"2020-04-23T23:59:59.999Z";"2020-04-23T21:51:00.000Z";"2020-04-23T11:42:10.000Z";"2781";0.0129767976;0.0136676966;0.0128928152;0.013553539;1370466697.88;903778064.439917;"2020-04-23T23:59:59.999Z"
"2020-04-22T00:00:00.000Z";"2020-04-22T23:59:59.999Z";"2020-04-22T17:37:10.000Z";"2020-04-22T01:15:08.000Z";"2781";0.0125883759;0.0131124046;0.0125289187;0.012975815;1277662807.5;865254234.072598;"2020-04-22T23:59:59.999Z"
"2020-04-21T00:00:00.000Z";"2020-04-21T23:59:59.999Z";"2020-04-21T18:07:05.000Z";"2020-04-21T09:56:06.000Z";"2781";0.0125079819;0.0127164668;0.0124403002;0.0125864082;1285407673.13;839287777.768929;"2020-04-21T23:59:59.999Z"
"2020-04-20T00:00:00.000Z";"2020-04-20T23:59:59.999Z";"2020-04-20T05:47:06.000Z";"2020-04-20T20:07:06.000Z";"2781";0.0130313511;0.0132002304;0.0123967985;0.0125173613;1366517418.25;834683588.285408;"2020-04-20T23:59:59.999Z"
"2020-04-19T00:00:00.000Z";"2020-04-19T23:59:59.999Z";"2020-04-19T04:52:12.000Z";"2020-04-19T14:30:04.000Z";"2781";0.0133728865;0.0134301214;0.0130202487;0.0130320346;1297116919.81;869003069.03067;"2020-04-19T23:59:59.999Z"
"2020-04-18T00:00:00.000Z";"2020-04-18T23:59:59.999Z";"2020-04-18T23:01:09.000Z";"2020-04-18T11:31:00.000Z";"2781";0.0130062751;0.013444788;0.0129884826;0.0133691807;1358911557.65;891484673.524157;"2020-04-18T23:59:59.999Z"
"2020-04-17T00:00:00.000Z";"2020-04-17T23:59:59.999Z";"2020-04-17T23:36:00.000Z";"2020-04-17T08:05:07.000Z";"2781";0.0130399207;0.0131185165;0.0128224202;0.0130044453;1294903478.48;867163360.623786;"2020-04-17T23:59:59.999Z"
"2020-04-16T00:00:00.000Z";"2020-04-16T23:59:59.999Z";"2020-04-16T23:20:06.000Z";"2020-04-16T03:21:06.000Z";"2781";0.0122183699;0.0131102915;0.0120325023;0.0130418122;1483226073.7;869655064.534189;"2020-04-16T23:59:59.999Z"
"2020-04-15T00:00:00.000Z";"2020-04-15T23:59:59.999Z";"2020-04-15T06:31:04.000Z";"2020-04-15T23:34:04.000Z";"2781";0.012416635;0.0125990812;0.0122091702;0.0122252457;1227074918.06;815204719.065636;"2020-04-15T23:59:59.999Z"
"2020-04-14T00:00:00.000Z";"2020-04-14T23:59:59.999Z";"2020-04-14T14:16:06.000Z";"2020-04-14T21:44:06.000Z";"2781";0.0125778141;0.0127620933;0.0124111561;0.0124126755;1235758428.73;827702924.106164;"2020-04-14T23:59:59.999Z"
"2020-04-13T00:00:00.000Z";"2020-04-13T23:59:59.999Z";"2020-04-13T00:00:04.000Z";"2020-04-13T15:02:04.000Z";"2781";0.0128925596;0.0128925596;0.012251812;0.0125845562;1247887207.67;839164283.924876;"2020-04-13T23:59:59.999Z"
"2020-04-12T00:00:00.000Z";"2020-04-12T23:59:59.999Z";"2020-04-12T20:40:06.000Z";"2020-04-12T05:20:11.000Z";"2781";0.0124802847;0.0131565399;0.0123975324;0.01290186;1058237102.62;860322761.256977;"2020-04-12T23:59:59.999Z"
"2020-04-11T00:00:00.000Z";"2020-04-11T23:59:59.999Z";"2020-04-11T04:09:00.000Z";"2020-04-11T21:40:04.000Z";"2781";0.0124622491;0.012806276;0.0123538566;0.012483186;1051591915.23;832404708.550332;"2020-04-11T23:59:59.999Z"
"2020-04-10T00:00:00.000Z";"2020-04-10T23:59:59.999Z";"2020-04-10T00:43:00.000Z";"2020-04-10T15:48:04.000Z";"2781";0.0135054666;0.0135278307;0.0121408;0.0124622491;1097485526.71;831008595.300341;"2020-04-10T23:59:59.999Z"
"2020-04-09T00:00:00.000Z";"2020-04-09T23:59:59.999Z";"2020-04-09T00:49:04.000Z";"2020-04-09T20:55:03.000Z";"2781";0.0136951533;0.0137667972;0.0133239745;0.013507249;981287829.16;900691355.43913;"2020-04-09T23:59:59.999Z"
"2020-04-08T00:00:00.000Z";"2020-04-08T23:59:59.999Z";"2020-04-08T17:17:00.000Z";"2020-04-08T02:02:07.000Z";"2781";0.0132758568;0.0137260692;0.0131897964;0.0136945785;1079069171.98;913182874.828409;"2020-04-08T23:59:59.999Z"
"2020-04-07T00:00:00.000Z";"2020-04-07T23:59:59.999Z";"2020-04-07T00:36:00.000Z";"2020-04-07T23:51:00.000Z";"2781";0.0136549762;0.01395157;0.013216737;0.0132662424;937935931.63;884620530.684778;"2020-04-07T23:59:59.999Z"
"2020-04-06T00:00:00.000Z";"2020-04-06T23:59:59.999Z";"2020-04-06T23:44:04.000Z";"2020-04-06T00:02:09.000Z";"2781";0.0126029307;0.0136756705;0.0126001352;0.0136582212;1010970947.71;910758494.138322;"2020-04-06T23:59:59.999Z"
"2020-04-05T00:00:00.000Z";"2020-04-05T23:59:59.999Z";"2020-04-05T16:09:08.000Z";"2020-04-05T07:53:07.000Z";"2781";0.0120044194;0.0127039545;0.0118926165;0.0126030749;906467477.38;840399150.428781;"2020-04-05T23:59:59.999Z"
"2020-04-04T00:00:00.000Z";"2020-04-04T23:59:59.999Z";"2020-04-04T20:34:00.000Z";"2020-04-04T03:36:04.000Z";"2781";0.011909686;0.0120465832;0.0117872852;0.0119984038;808013453.68;800078429.48009;"2020-04-04T23:59:59.999Z"
"2020-04-03T00:00:00.000Z";"2020-04-03T23:59:59.999Z";"2020-04-03T11:05:08.000Z";"2020-04-03T16:58:00.000Z";"2781";0.0119778447;0.0121545171;0.0118114303;0.0119051898;794179930.28;793862723.622106;"2020-04-03T23:59:59.999Z"
"2020-04-02T00:00:00.000Z";"2020-04-02T23:59:59.999Z";"2020-04-02T18:00:05.000Z";"2020-04-02T05:29:06.000Z";"2781";0.0115820386;0.012307903;0.0115387229;0.0119747161;852662345.06;798498882.771563;"2020-04-02T23:59:59.999Z"
"2020-04-01T00:00:00.000Z";"2020-04-01T23:59:59.999Z";"2020-04-01T00:19:04.000Z";"2020-04-01T20:23:00.000Z";"2781";0.0116253248;0.0116393952;0.0111681277;0.0115754211;810514942.01;771873065.362705;"2020-04-01T23:59:59.999Z"
"2020-03-31T00:00:00.000Z";"2020-03-31T23:59:59.999Z";"2020-03-31T23:10:09.000Z";"2020-03-31T12:50:11.000Z";"2781";0.0115142894;0.011707617;0.0114206433;0.0116253248;756610777.75;775200746.248436;"2020-03-31T23:59:59.999Z"
"2020-03-30T00:00:00.000Z";"2020-03-30T23:59:59.999Z";"2020-03-30T17:18:04.000Z";"2020-03-30T00:10:04.000Z";"2781";0.0107527266;0.0116848996;0.0107104293;0.0115090368;1056877618.37;767446426.078515;"2020-03-30T23:59:59.999Z"
"2020-03-29T00:00:00.000Z";"2020-03-29T23:59:59.999Z";"2020-03-29T00:26:03.000Z";"2020-03-29T23:59:00.000Z";"2781";0.0113994591;0.0114312894;0.0107491988;0.0107491988;917907290.62;716778848.827618;"2020-03-29T23:59:59.999Z"
"2020-03-28T00:00:00.000Z";"2020-03-28T23:59:59.999Z";"2020-03-28T22:17:04.000Z";"2020-03-28T04:05:08.000Z";"2781";0.0114250052;0.0114870149;0.0109216661;0.0114018202;1027379374.01;760296995.482586;"2020-03-28T23:59:59.999Z"
"2020-03-27T00:00:00.000Z";"2020-03-27T23:59:59.999Z";"2020-03-27T04:27:04.000Z";"2020-03-27T23:57:05.000Z";"2781";0.0118827185;0.0119930921;0.0114021844;0.0114269393;992171535.73;761971988.04192;"2020-03-27T23:59:59.999Z"
"2020-03-26T00:00:00.000Z";"2020-03-26T23:59:59.999Z";"2020-03-26T23:34:07.000Z";"2020-03-26T06:25:04.000Z";"2781";0.0113849646;0.0119188225;0.0113215357;0.0118705601;1012778457.12;791553547.514342;"2020-03-26T23:59:59.999Z"
"2020-03-25T00:00:00.000Z";"2020-03-25T23:59:59.999Z";"2020-03-25T10:21:05.000Z";"2020-03-25T22:03:05.000Z";"2781";0.0115120168;0.0116849938;0.0111719559;0.0113850763;1051356264.54;759180481.388244;"2020-03-25T23:59:59.999Z"
"2020-03-24T00:00:00.000Z";"2020-03-24T23:59:59.999Z";"2020-03-24T09:51:02.000Z";"2020-03-24T16:13:02.000Z";"2781";0.0112961162;0.0116152354;0.0111845467;0.0115125907;1086206946.94;767683405.747805;"2020-03-24T23:59:59.999Z"
"2020-03-23T00:00:00.000Z";"2020-03-23T23:59:59.999Z";"2020-03-23T23:49:04.000Z";"2020-03-23T09:33:07.000Z";"2781";0.0103647362;0.0113025593;0.0102990393;0.0112841829;1113460486.77;752452700.832574;"2020-03-23T23:59:59.999Z"
"2020-03-22T00:00:00.000Z";"2020-03-22T23:59:59.999Z";"2020-03-22T06:53:03.000Z";"2020-03-22T23:45:01.000Z";"2781";0.0112307615;0.0115811783;0.0103287339;0.0103647362;960442295.77;691142087.37318;"2020-03-22T23:59:59.999Z"
"2020-03-21T00:00:00.000Z";"2020-03-21T23:59:59.999Z";"2020-03-21T21:18:02.000Z";"2020-03-21T11:27:04.000Z";"2781";0.011252851;0.0114958528;0.0107969552;0.0112287842;1084677872.36;748758600.13973;"2020-03-21T23:59:59.999Z"
"2020-03-20T00:00:00.000Z";"2020-03-20T23:59:59.999Z";"2020-03-20T11:04:01.000Z";"2020-03-20T20:40:01.000Z";"2781";0.0116670476;0.0126631191;0.010617793;0.0112463116;1193679335.74;749927363.451849;"2020-03-20T23:59:59.999Z"
"2020-03-19T00:00:00.000Z";"2020-03-19T23:59:59.999Z";"2020-03-19T22:57:03.000Z";"2020-03-19T00:00:02.000Z";"2781";0.00993892748321;0.0120046766;0.00993892748321;0.0116677109;1253883132.01;778027139.942046;"2020-03-19T23:59:59.999Z"
"2020-03-18T00:00:00.000Z";"2020-03-18T23:59:59.999Z";"2020-03-18T21:27:02.000Z";"2020-03-18T17:52:07.000Z";"2781";0.00987930001523;0.0100627515;0.00972348082635;0.00993400024373;1025586853.46;662419721.401789;"2020-03-18T23:59:59.999Z"
"2020-03-17T00:00:00.000Z";"2020-03-17T23:59:59.999Z";"2020-03-17T07:42:04.000Z";"2020-03-17T00:22:08.000Z";"2781";0.00956417806729;0.0102830655;0.00956242210609;0.00988528129739;1084261693.49;659171041.104856;"2020-03-17T23:59:59.999Z"
"2020-03-16T00:00:00.000Z";"2020-03-16T23:59:59.999Z";"2020-03-16T00:02:04.000Z";"2020-03-16T11:13:05.000Z";"2781";0.0103305794;0.0103359758;0.00878690947174;0.00956138223651;1159919446.73;637572780.544529;"2020-03-16T23:59:59.999Z"
"2020-03-15T00:00:00.000Z";"2020-03-15T23:59:59.999Z";"2020-03-15T22:06:04.000Z";"2020-03-15T02:09:01.000Z";"2781";0.00975913972903;0.0108972486;0.00968293620265;0.0103443645;1158531782.71;689783659.41627;"2020-03-15T23:59:59.999Z"
"2020-03-14T00:00:00.000Z";"2020-03-14T23:59:59.999Z";"2020-03-14T03:20:04.000Z";"2020-03-14T23:30:03.000Z";"2781";0.0102660349;0.0105505996;0.00966013635383;0.00976183234079;1142638046.78;650939208.868902;"2020-03-14T23:59:59.999Z"
"2020-03-13T00:00:00.000Z";"2020-03-13T23:59:59.999Z";"2020-03-13T13:40:02.000Z";"2020-03-13T02:25:01.000Z";"2781";0.00876353263747;0.0107522642;0.00751613027921;0.0102440754;1816706172.43;683096173.603206;"2020-03-13T23:59:59.999Z"
"2020-03-12T00:00:00.000Z";"2020-03-12T23:59:59.999Z";"2020-03-12T00:09:01.000Z";"2020-03-12T23:54:06.000Z";"2781";0.0148401507;0.0148741863;0.00875938959016;0.00879174420506;1368123603.67;586251721.770133;"2020-03-12T23:59:59.999Z"
"2020-03-11T00:00:00.000Z";"2020-03-11T23:59:59.999Z";"2020-03-11T01:37:05.000Z";"2020-03-11T18:27:01.000Z";"2781";0.0151123005;0.0152513162;0.0142735172;0.014835304;1269759581.04;989248812.416057;"2020-03-11T23:59:59.999Z"
"2020-03-10T00:00:00.000Z";"2020-03-10T23:59:59.999Z";"2020-03-10T13:26:02.000Z";"2020-03-10T07:33:03.000Z";"2781";0.0149965313;0.0153110252;0.0147018171;0.0151056465;1243119266.57;1007275811.07759;"2020-03-10T23:59:59.999Z"
"2020-03-09T00:00:00.000Z";"2020-03-09T23:59:59.999Z";"2020-03-09T09:18:05.000Z";"2020-03-09T15:45:03.000Z";"2781";0.0148362159;0.0150820798;0.0142303518;0.0149875383;1427631477.07;999400112.532351;"2020-03-09T23:59:59.999Z"
"2020-03-08T00:00:00.000Z";"2020-03-08T23:59:59.999Z";"2020-03-08T00:01:01.000Z";"2020-03-08T23:59:03.000Z";"2781";0.0170398251;0.0170418292;0.0148656985;0.0148656985;1363976467.12;991275581.819546;"2020-03-08T23:59:59.999Z"
"2020-03-07T00:00:00.000Z";"2020-03-07T23:59:59.999Z";"2020-03-07T00:05:02.000Z";"2020-03-07T23:53:00.000Z";"2781";0.0182427282;0.0182599533;0.0170254911;0.0170493545;1298740279.44;1136886287.17234;"2020-03-07T23:59:59.999Z"
"2020-03-06T00:00:00.000Z";"2020-03-06T23:59:59.999Z";"2020-03-06T11:59:02.000Z";"2020-03-06T00:00:04.000Z";"2781";0.0179108659;0.018342858;0.0179108659;0.0182359583;1371421962.54;1216011488.4601;"2020-03-06T23:59:59.999Z"
"2020-03-05T00:00:00.000Z";"2020-03-05T23:59:59.999Z";"2020-03-05T16:28:04.000Z";"2020-03-05T00:00:02.000Z";"2781";0.017730332;0.0183156465;0.017730332;0.0178920598;1419888590.49;1193079626.01709;"2020-03-05T23:59:59.999Z"
"2020-03-04T00:00:00.000Z";"2020-03-04T23:59:59.999Z";"2020-03-04T23:59:03.000Z";"2020-03-04T16:46:05.000Z";"2781";0.017261373;0.0177107297;0.0171270112;0.0177107297;1397778317.67;1180988153.23037;"2020-03-04T23:59:59.999Z"
"2020-03-03T00:00:00.000Z";"2020-03-03T23:59:59.999Z";"2020-03-03T12:35:04.000Z";"2020-03-03T16:46:03.000Z";"2781";0.0174938451;0.0175643951;0.0171036189;0.0172707331;1491595028.65;1151648273.92652;"2020-03-03T23:59:59.999Z"
"2020-03-02T00:00:00.000Z";"2020-03-02T23:59:59.999Z";"2020-03-02T18:26:04.000Z";"2020-03-02T01:34:07.000Z";"2781";0.016518193;0.017723418;0.0164453643;0.0174945502;1640719067.07;1166572861.47962;"2020-03-02T23:59:59.999Z"
"2020-03-01T00:00:00.000Z";"2020-03-01T23:59:59.999Z";"2020-03-01T12:14:01.000Z";"2020-03-01T19:04:10.000Z";"2781";0.0166305721;0.0170489136;0.0162310072;0.0164994177;1530951215.46;1100215361.47396;"2020-03-01T23:59:59.999Z"
"2020-02-29T00:00:00.000Z";"2020-02-29T23:59:59.999Z";"2020-02-29T05:17:06.000Z";"2020-02-29T23:54:01.000Z";"2781";0.0170178032;0.0173377725;0.0166244837;0.0166293793;1530978799.08;1108881471.24083;"2020-02-29T23:59:59.999Z"
"2020-02-28T00:00:00.000Z";"2020-02-28T23:59:59.999Z";"2020-02-28T02:16:04.000Z";"2020-02-28T12:42:05.000Z";"2781";0.0169555101;0.0172759232;0.0162771918;0.0170561292;1651360028.52;1137338039.02701;"2020-02-28T23:59:59.999Z"
"2020-02-27T00:00:00.000Z";"2020-02-27T23:59:59.999Z";"2020-02-27T17:06:04.000Z";"2020-02-27T01:11:04.000Z";"2781";0.016470676;0.0174734126;0.0160072328;0.0169382596;1817877422.41;1129478246.42984;"2020-02-27T23:59:59.999Z"
"2020-02-26T00:00:00.000Z";"2020-02-26T23:59:59.999Z";"2020-02-26T00:40:04.000Z";"2020-02-26T16:53:02.000Z";"2781";0.0190353412;0.0191451161;0.015976616;0.0164770333;1983398772.65;1098722723.1305;"2020-02-26T23:59:59.999Z"
"2020-02-25T00:00:00.000Z";"2020-02-25T23:59:59.999Z";"2020-02-25T00:06:04.000Z";"2020-02-25T17:57:09.000Z";"2781";0.0198550877;0.0198757531;0.0188001709;0.0190534727;1702733218.19;1270525043.87868;"2020-02-25T23:59:59.999Z"
"2020-02-24T00:00:00.000Z";"2020-02-24T23:59:59.999Z";"2020-02-24T00:01:04.000Z";"2020-02-24T18:22:05.000Z";"2781";0.0213103633;0.0213132675;0.0193353922;0.0198589648;1823897500.8;1324236925.30027;"2020-02-24T23:59:59.999Z"
"2020-02-23T00:00:00.000Z";"2020-02-23T23:59:59.999Z";"2020-02-23T23:49:06.000Z";"2020-02-23T00:06:03.000Z";"2781";0.0200869601;0.0213095846;0.02006734;0.0213050927;1638283296.85;1420667728.21891;"2020-02-23T23:59:59.999Z"
"2020-02-22T00:00:00.000Z";"2020-02-22T23:59:59.999Z";"2020-02-22T00:40:04.000Z";"2020-02-22T07:22:01.000Z";"2781";0.0202104862;0.0202849081;0.019824908;0.0200861701;1552695028.52;1339387447.25754;"2020-02-22T23:59:59.999Z"
"2020-02-21T00:00:00.000Z";"2020-02-21T23:59:59.999Z";"2020-02-21T17:00:01.000Z";"2020-02-21T01:17:03.000Z";"2781";0.0198682903;0.020465633;0.0197197059;0.0201987401;1762615939.89;1346893843.10297;"2020-02-21T23:59:59.999Z"
"2020-02-20T00:00:00.000Z";"2020-02-20T23:59:59.999Z";"2020-02-20T00:42:01.000Z";"2020-02-20T16:43:01.000Z";"2781";0.0203102321;0.0205011602;0.0192645903;0.0198723883;1910177841.95;1325132031.56287;"2020-02-20T23:59:59.999Z"
"2020-02-19T00:00:00.000Z";"2020-02-19T23:59:59.999Z";"2020-02-19T00:03:07.000Z";"2020-02-19T22:12:02.000Z";"2781";0.0225785679;0.022589526;0.0202363563;0.0203203747;1691858296.8;1355004695.60904;"2020-02-19T23:59:59.999Z"
"2020-02-18T00:00:00.000Z";"2020-02-18T23:59:59.999Z";"2020-02-18T21:20:02.000Z";"2020-02-18T13:29:04.000Z";"2781";0.021736777;0.0227753468;0.0207051906;0.0225696044;1712241881.51;1504987988.75187;"2020-02-18T23:59:59.999Z"
"2020-02-17T00:00:00.000Z";"2020-02-17T23:59:59.999Z";"2020-02-17T00:00:02.000Z";"2020-02-17T11:27:06.000Z";"2781";0.0224193919;0.0224193919;0.0203494873;0.0217282242;1842155294.14;1448883015.82892;"2020-02-17T23:59:59.999Z"
"2020-02-16T00:00:00.000Z";"2020-02-16T23:59:59.999Z";"2020-02-16T03:39:03.000Z";"2020-02-16T16:56:03.000Z";"2781";0.023608908;0.024631711;0.0206398667;0.0224636131;1939185864.22;1497920272.92112;"2020-02-16T23:59:59.999Z"
"2020-02-15T00:00:00.000Z";"2020-02-15T23:59:59.999Z";"2020-02-15T00:15:01.000Z";"2020-02-15T18:10:06.000Z";"2781";0.0263512968;0.0264942154;0.0233874897;0.0235857963;1768976193.24;1572749768.99433;"2020-02-15T23:59:59.999Z"
"2020-02-14T00:00:00.000Z";"2020-02-14T23:59:59.999Z";"2020-02-14T16:46:02.000Z";"2020-02-14T00:33:04.000Z";"2781";0.0238615855;0.026646993;0.0238067488;0.0263253038;2085354470.08;1755425807.20518;"2020-02-14T23:59:59.999Z"
"2020-02-13T00:00:00.000Z";"2020-02-13T23:59:59.999Z";"2020-02-13T03:01:02.000Z";"2020-02-13T08:36:02.000Z";"2781";0.0240154219;0.0257162102;0.0228162986;0.0238589931;2007884210.44;1590967102.54883;"2020-02-13T23:59:59.999Z"
"2020-02-12T00:00:00.000Z";"2020-02-12T23:59:59.999Z";"2020-02-12T21:17:03.000Z";"2020-02-12T00:03:01.000Z";"2781";0.0226980891;0.0241562416;0.0226757447;0.0240148708;1699116541.42;1601361345.37206;"2020-02-12T23:59:59.999Z"
"2020-02-11T00:00:00.000Z";"2020-02-11T23:59:59.999Z";"2020-02-11T20:56:03.000Z";"2020-02-11T04:29:01.000Z";"2781";0.0222312294;0.0227818483;0.021458887;0.0226798504;1519186216.92;1512339420.04258;"2020-02-11T23:59:59.999Z"
"2020-02-10T00:00:00.000Z";"2020-02-10T23:59:59.999Z";"2020-02-10T23:42:02.000Z";"2020-02-10T12:18:01.000Z";"2781";0.0220408126;0.0223373685;0.0211056469;0.0222289209;1587320612.58;1482270509.63105;"2020-02-10T23:59:59.999Z"
"2020-02-09T00:00:00.000Z";"2020-02-09T23:59:59.999Z";"2020-02-09T07:43:03.000Z";"2020-02-09T15:30:01.000Z";"2781";0.0218378573;0.022615392;0.0215589254;0.0220335742;1466737553.97;1469244382.69167;"2020-02-09T23:59:59.999Z"
"2020-02-08T00:00:00.000Z";"2020-02-08T23:59:59.999Z";"2020-02-08T21:37:03.000Z";"2020-02-08T03:15:04.000Z";"2781";0.0220187455;0.0223752624;0.0207019231;0.0218517929;1566606336.23;1457122833.75647;"2020-02-08T23:59:59.999Z"
"2020-02-07T00:00:00.000Z";"2020-02-07T23:59:59.999Z";"2020-02-07T08:10:01.000Z";"2020-02-07T21:17:04.000Z";"2781";0.022564557;0.0234662323;0.0215529589;0.0220605085;1757671584.27;1471040417.53534;"2020-02-07T23:59:59.999Z"
"2020-02-06T00:00:00.000Z";"2020-02-06T23:59:59.999Z";"2020-02-06T14:41:03.000Z";"2020-02-06T13:55:03.000Z";"2781";0.0207620533;0.0231545887;0.0203003031;0.0225352371;1944165321.47;1502696305.01869;"2020-02-06T23:59:59.999Z"
"2020-02-05T00:00:00.000Z";"2020-02-05T23:59:59.999Z";"2020-02-05T23:59:03.000Z";"2020-02-05T00:10:04.000Z";"2781";0.0192767229;0.0207760163;0.0192617801;0.0207760163;1511971142.82;1385387820.13329;"2020-02-05T23:59:59.999Z"
"2020-02-04T00:00:00.000Z";"2020-02-04T23:59:59.999Z";"2020-02-04T16:32:01.000Z";"2020-02-04T13:31:06.000Z";"2781";0.0192022876;0.01944435;0.0184677521;0.0192610197;1407881433.3;1284364702.98132;"2020-02-04T23:59:59.999Z"
"2020-02-03T00:00:00.000Z";"2020-02-03T23:59:59.999Z";"2020-02-03T01:51:04.000Z";"2020-02-03T18:31:02.000Z";"2781";0.0191248259;0.0195660997;0.0189708924;0.0192176199;1419005610.05;1281470718.34554;"2020-02-03T23:59:59.999Z"
"2020-02-02T00:00:00.000Z";"2020-02-02T23:59:59.999Z";"2020-02-02T12:29:02.000Z";"2020-02-02T02:43:01.000Z";"2781";0.0190567641;0.019840842;0.018580799;0.0191356372;1482162206.32;1276003942.00569;"2020-02-02T23:59:59.999Z"
"2020-02-01T00:00:00.000Z";"2020-02-01T23:59:59.999Z";"2020-02-01T23:53:05.000Z";"2020-02-01T13:01:03.000Z";"2781";0.018664438;0.0190694077;0.0184943383;0.0190642195;1346616385.73;1271241659.37799;"2020-02-01T23:59:59.999Z"
"2020-01-31T00:00:00.000Z";"2020-01-31T23:59:59.999Z";"2020-01-31T00:22:02.000Z";"2020-01-31T13:22:02.000Z";"2781";0.0195143444;0.0196947441;0.0182635154;0.0186824052;1451545525.36;1245781492.10202;"2020-01-31T23:59:59.999Z"
"2020-01-30T00:00:00.000Z";"2020-01-30T23:59:59.999Z";"2020-01-30T23:03:03.000Z";"2020-01-30T00:34:04.000Z";"2781";0.0186672695;0.0197191911;0.0179717832;0.0194989099;1581901735.11;1300227718.67899;"2020-01-30T23:59:59.999Z"
"2020-01-29T00:00:00.000Z";"2020-01-29T23:59:59.999Z";"2020-01-29T06:20:05.000Z";"2020-01-29T00:05:05.000Z";"2781";0.018613295;0.0196507362;0.0185865932;0.018683476;1509737028;1245852892.95105;"2020-01-29T23:59:59.999Z"
"2020-01-28T00:00:00.000Z";"2020-01-28T23:59:59.999Z";"2020-01-28T08:01:05.000Z";"2020-01-28T00:04:02.000Z";"2781";0.0171458785;0.0188690097;0.0171301264;0.0186143697;1624609028.15;1241244747.36689;"2020-01-28T23:59:59.999Z"
"2020-01-27T00:00:00.000Z";"2020-01-27T23:59:59.999Z";"2020-01-27T20:40:03.000Z";"2020-01-27T00:00:03.000Z";"2781";0.0167974741;0.0172874659;0.0167974741;0.0171348914;1323659601.03;1142590062.77934;"2020-01-27T23:59:59.999Z"
"2020-01-26T00:00:00.000Z";"2020-01-26T23:59:59.999Z";"2020-01-26T20:20:01.000Z";"2020-01-26T00:10:02.000Z";"2781";0.0161929866;0.0168282107;0.0161091315;0.0168035621;1255315356.14;1120496341.46497;"2020-01-26T23:59:59.999Z"
"2020-01-25T00:00:00.000Z";"2020-01-25T23:59:59.999Z";"2020-01-25T00:00:03.000Z";"2020-01-25T01:59:02.000Z";"2781";0.0164263589;0.0164263589;0.0160232296;0.0161994238;1147617479.32;1080211145.42359;"2020-01-25T23:59:59.999Z"
"2020-01-24T00:00:00.000Z";"2020-01-24T23:59:59.999Z";"2020-01-24T19:58:05.000Z";"2020-01-24T10:02:02.000Z";"2781";0.0162632426;0.0165642516;0.0157607531;0.016411185;1237593967.39;1094331822.57634;"2020-01-24T23:59:59.999Z"
"2020-01-23T00:00:00.000Z";"2020-01-23T23:59:59.999Z";"2020-01-23T00:07:04.000Z";"2020-01-23T18:48:03.000Z";"2781";0.0173646151;0.0173909717;0.0160458822;0.0162528252;1238646077.33;1083772061.59354;"2020-01-23T23:59:59.999Z"
"2020-01-22T00:00:00.000Z";"2020-01-22T23:59:59.999Z";"2020-01-22T07:32:05.000Z";"2020-01-22T14:08:03.000Z";"2781";0.0173065248;0.017437658;0.017093507;0.0173534483;1180207765.81;1157163890.3232;"2020-01-22T23:59:59.999Z"
"2020-01-21T00:00:00.000Z";"2020-01-21T23:59:59.999Z";"2020-01-21T23:58:12.000Z";"2020-01-21T00:51:02.000Z";"2781";0.0166178569;0.0173082521;0.0165354701;0.0173082521;1239081715.17;1154150116.77932;"2020-01-21T23:59:59.999Z"
"2020-01-20T00:00:00.000Z";"2020-01-20T23:59:59.999Z";"2020-01-20T22:52:04.000Z";"2020-01-20T13:18:05.000Z";"2781";0.016612756;0.0167445239;0.0162379684;0.016625821;1266246609.86;1108644193.67605;"2020-01-20T23:59:59.999Z"
"2020-01-19T00:00:00.000Z";"2020-01-19T23:59:59.999Z";"2020-01-19T06:23:04.000Z";"2020-01-19T12:30:03.000Z";"2781";0.0177237451;0.0180646032;0.0162629738;0.0166199698;1309357591.75;1108254027.53617;"2020-01-19T23:59:59.999Z"
"2020-01-18T00:00:00.000Z";"2020-01-18T23:59:59.999Z";"2020-01-18T15:21:04.000Z";"2020-01-18T06:21:01.000Z";"2781";0.0176735786;0.018093617;0.0173189513;0.0177157768;1385173970.59;1181324709.87154;"2020-01-18T23:59:59.999Z"
"2020-01-17T00:00:00.000Z";"2020-01-17T23:59:59.999Z";"2020-01-17T19:21:02.000Z";"2020-01-17T14:47:05.000Z";"2781";0.0171965672;0.018067892;0.0170192991;0.0176658969;1420514220.35;1177998610.03775;"2020-01-17T23:59:59.999Z"
"2020-01-16T00:00:00.000Z";"2020-01-16T23:59:59.999Z";"2020-01-16T00:12:06.000Z";"2020-01-16T03:35:04.000Z";"2781";0.0172917365;0.0173461123;0.016246035;0.0171193637;1333108082.68;1141554643.07353;"2020-01-16T23:59:59.999Z"
"2020-01-15T00:00:00.000Z";"2020-01-15T23:59:59.999Z";"2020-01-15T10:43:04.000Z";"2020-01-15T05:15:03.000Z";"2781";0.0167285546;0.0180585464;0.0163241811;0.0172839032;1462008166.89;1152526478.75773;"2020-01-15T23:59:59.999Z"
"2020-01-14T00:00:00.000Z";"2020-01-14T23:59:59.999Z";"2020-01-14T17:50:03.000Z";"2020-01-14T00:06:04.000Z";"2781";0.0147074972;0.0169228808;0.0146957121;0.0167201142;1466195335.98;1114931863.19977;"2020-01-14T23:59:59.999Z"
"2020-01-13T00:00:00.000Z";"2020-01-13T23:59:59.999Z";"2020-01-13T00:07:01.000Z";"2020-01-13T15:58:02.000Z";"2781";0.0149747317;0.0150446704;0.0145903195;0.0147061657;1067644895.96;980637605.146617;"2020-01-13T23:59:59.999Z"
"2020-01-12T00:00:00.000Z";"2020-01-12T23:59:59.999Z";"2020-01-12T23:53:02.000Z";"2020-01-12T00:48:05.000Z";"2781";0.0146189216;0.0150039934;0.0145144201;0.0149755107;1151253020.8;998598083.313288;"2020-01-12T23:59:59.999Z"
"2020-01-11T00:00:00.000Z";"2020-01-11T23:59:59.999Z";"2020-01-11T10:41:01.000Z";"2020-01-11T06:23:01.000Z";"2781";0.0146237887;0.0149286084;0.0145007614;0.0146144308;1176009006.99;974520532.482476;"2020-01-11T23:59:59.999Z"
"2020-01-10T00:00:00.000Z";"2020-01-10T23:59:59.999Z";"2020-01-10T16:49:06.000Z";"2020-01-10T10:31:02.000Z";"2781";0.0140642622;0.0147638808;0.0137320543;0.0146140165;1156355119.78;974492901.898997;"2020-01-10T23:59:59.999Z"
"2020-01-09T00:00:00.000Z";"2020-01-09T23:59:59.999Z";"2020-01-09T01:21:02.000Z";"2020-01-09T18:04:04.000Z";"2781";0.0140668183;0.0141087854;0.0138192705;0.0140627835;943917224.42;937735547.699754;"2020-01-09T23:59:59.999Z"
"2020-01-08T00:00:00.000Z";"2020-01-08T23:59:59.999Z";"2020-01-08T07:24:03.000Z";"2020-01-08T20:57:01.000Z";"2781";0.0143776571;0.0146234502;0.0138862149;0.014069248;1120252260.93;938166611.714918;"2020-01-08T23:59:59.999Z"
"2020-01-07T00:00:00.000Z";"2020-01-07T23:59:59.999Z";"2020-01-07T00:34:02.000Z";"2020-01-07T15:44:04.000Z";"2781";0.0145937351;0.0147414189;0.0142095445;0.0143732239;1120168579.14;958436351.769171;"2020-01-07T23:59:59.999Z"
"2020-01-06T00:00:00.000Z";"2020-01-06T23:59:59.999Z";"2020-01-06T23:59:01.000Z";"2020-01-06T00:04:03.000Z";"2781";0.0136174341;0.014548113;0.0136013721;0.014548113;1204485570.22;970098321.121267;"2020-01-06T23:59:59.999Z"
"2020-01-05T00:00:00.000Z";"2020-01-05T23:59:59.999Z";"2020-01-05T19:04:03.000Z";"2020-01-05T00:01:01.000Z";"2781";0.013531323;0.0139127614;0.0135222946;0.0136228928;1079591213.9;908402721.805456;"2020-01-05T23:59:59.999Z"
"2020-01-04T00:00:00.000Z";"2020-01-04T23:59:59.999Z";"2020-01-04T07:27:02.000Z";"2020-01-04T14:19:04.000Z";"2781";0.0134495273;0.0135340482;0.0133098102;0.0135208075;991868125.64;901595464.775043;"2020-01-04T23:59:59.999Z"
"2020-01-03T00:00:00.000Z";"2020-01-03T23:59:59.999Z";"2020-01-03T17:04:05.000Z";"2020-01-03T02:08:04.000Z";"2781";0.0128865247;0.0135240832;0.0127722871;0.0134346566;1109470186.56;895850740.59438;"2020-01-03T23:59:59.999Z"
"2020-01-02T00:00:00.000Z";"2020-01-02T23:59:59.999Z";"2020-01-02T00:00:03.000Z";"2020-01-02T23:02:02.000Z";"2781";0.0132536142;0.0132536142;0.0128085382;0.012870104;999867627.52;858205201.524912;"2020-01-02T23:59:59.999Z"
"2020-01-01T00:00:00.000Z";"2020-01-01T23:59:59.999Z";"2020-01-01T03:01:05.000Z";"2020-01-01T23:27:02.000Z";"2781";0.0132941907;0.0133884085;0.0131931592;0.0132496388;977215884.78;883513371.291649;"2020-01-01T23:59:59.999Z"