timeOpen;timeClose;timeHigh;timeLow;name;open;high;low;close;volume;marketCap;timestamp
"2016-12-31T00:00:00.000Z";"2016-12-31T23:59:59.999Z";"2016-12-31T22:44:03.000Z";"2016-12-31T06:19:03.000Z";"2781";0.00641722977161;0.00653808983043;0.00638735014945;0.00644887983799;272884;234334878.512;"2016-12-31T23:59:59.999Z"
"2016-12-30T00:00:00.000Z";"2016-12-30T23:59:59.999Z";"2016-12-30T20:19:02.000Z";"2016-12-30T00:19:02.000Z";"2781";0.0063515198417;0.00645502982661;0.00633776979521;0.00642640981823;1379470;233518379.411;"2016-12-30T23:59:59.999Z"
"2016-12-29T00:00:00.000Z";"2016-12-29T23:59:59.999Z";"2016-12-29T23:49:04.000Z";"2016-12-29T04:44:03.000Z";"2781";0.00618042005226;0.00635357992724;0.00616675009951;0.0063406098634;1345050;230400639.187;"2016-12-29T23:59:59.999Z"
"2016-12-28T00:00:00.000Z";"2016-12-28T23:59:59.999Z";"2016-12-28T06:44:03.000Z";"2016-12-28T18:29:03.000Z";"2781";0.00619261991233;0.00633637979627;0.00612606992945;0.00617282977328;2064130;222244080.472;"2016-12-28T23:59:59.999Z"
"2016-12-27T00:00:00.000Z";"2016-12-27T23:59:59.999Z";"2016-12-27T00:04:03.000Z";"2016-12-27T23:34:02.000Z";"2781";0.00632613990456;0.00632613990456;0.00618832977489;0.00619918992743;2471000;223193135.275;"2016-12-27T23:59:59.999Z"
"2016-12-26T00:00:00.000Z";"2016-12-26T23:59:59.999Z";"2016-12-26T01:24:01.000Z";"2016-12-26T23:24:03.000Z";"2781";0.00644324021414;0.00648128986359;0.0063233198598;0.00632573012263;1640840;227749030.374;"2016-12-26T23:59:59.999Z"
"2016-12-25T00:00:00.000Z";"2016-12-25T23:59:59.999Z";"2016-12-25T23:04:03.000Z";"2016-12-25T16:09:03.000Z";"2781";0.00635041994974;0.00645346008241;0.00633445987478;0.00644398014992;2188780;232006455.658;"2016-12-25T23:59:59.999Z"
"2016-12-24T00:00:00.000Z";"2016-12-24T23:59:59.999Z";"2016-12-24T21:09:03.000Z";"2016-12-24T08:59:02.000Z";"2781";0.00627529015765;0.00637128017843;0.00623359018937;0.00634947000071;2495670;228603755.755;"2016-12-24T23:59:59.999Z"
"2016-12-23T00:00:00.000Z";"2016-12-23T23:59:59.999Z";"2016-12-23T05:14:02.000Z";"2016-12-23T23:39:03.000Z";"2781";0.00636189011857;0.00643636006862;0.00628144014627;0.00628595007583;3514540;226316807.306;"2016-12-23T23:59:59.999Z"
"2016-12-22T00:00:00.000Z";"2016-12-22T23:59:59.999Z";"2016-12-22T00:54:18.000Z";"2016-12-22T20:44:03.000Z";"2781";0.006451619789;0.00646612979472;0.00632365979254;0.00636320002377;2897110;229098085.134;"2016-12-22T23:59:59.999Z"
"2016-12-21T00:00:00.000Z";"2016-12-21T23:59:59.999Z";"2016-12-21T00:04:04.000Z";"2016-12-21T20:29:02.000Z";"2781";0.0064984401688;0.0064984401688;0.00641705002636;0.00644520996138;2300840;230703574.798;"2016-12-21T23:59:59.999Z"
"2016-12-20T00:00:00.000Z";"2016-12-20T23:59:59.999Z";"2016-12-20T00:19:03.000Z";"2016-12-20T23:04:02.000Z";"2781";0.00654048006982;0.00654296996072;0.00648052012548;0.00649956008419;2284690;232649010.135;"2016-12-20T23:59:59.999Z"
"2016-12-19T00:00:00.000Z";"2016-12-19T23:59:59.999Z";"2016-12-19T00:09:03.000Z";"2016-12-19T23:29:03.000Z";"2781";0.00658203987405;0.00658205989748;0.00653418013826;0.00654461001977;1109670;234261555.893;"2016-12-19T23:59:59.999Z"
"2016-12-18T00:00:00.000Z";"2016-12-18T23:59:59.999Z";"2016-12-18T20:59:02.000Z";"2016-12-18T03:34:03.000Z";"2781";0.00654079997912;0.00657969992608;0.00653346022591;0.00657417019829;1194400;235319643.631;"2016-12-18T23:59:59.999Z"
"2016-12-17T00:00:00.000Z";"2016-12-17T23:59:59.999Z";"2016-12-17T01:24:02.000Z";"2016-12-17T23:39:02.000Z";"2781";0.00670407991856;0.00671083014458;0.00653496012092;0.00654056994244;1838990;234116945.796;"2016-12-17T23:59:59.999Z"
"2016-12-16T00:00:00.000Z";"2016-12-16T23:59:59.999Z";"2016-12-16T09:14:04.000Z";"2016-12-16T00:19:07.000Z";"2781";0.00666210986674;0.00679128011689;0.00666121998802;0.00671016983688;2575390;240187706.297;"2016-12-16T23:59:59.999Z"
"2016-12-15T00:00:00.000Z";"2016-12-15T23:59:59.999Z";"2016-12-15T00:04:02.000Z";"2016-12-15T21:14:03.000Z";"2781";0.00669927988201;0.00669927988201;0.00660637021065;0.00666206981987;1050570;238465987.075;"2016-12-15T23:59:59.999Z"
"2016-12-14T00:00:00.000Z";"2016-12-14T23:59:59.999Z";"2016-12-14T12:19:02.000Z";"2016-12-14T19:09:02.000Z";"2781";0.0067044198513;0.00675278995186;0.00668996013701;0.00670460006222;2002770;241329459.578;"2016-12-14T23:59:59.999Z"
"2016-12-13T00:00:00.000Z";"2016-12-13T23:59:59.999Z";"2016-12-13T00:14:03.000Z";"2016-12-13T19:44:03.000Z";"2781";0.00678010983393;0.00678142998368;0.00667815003544;0.00670822989196;1946660;241460120.011;"2016-12-13T23:59:59.999Z"
"2016-12-12T00:00:00.000Z";"2016-12-12T23:59:59.999Z";"2016-12-12T16:29:02.000Z";"2016-12-12T01:19:03.000Z";"2781";0.00674387998879;0.00680935010314;0.00674270000309;0.00677782995626;1449640;243965344.839;"2016-12-12T23:59:59.999Z"
"2016-12-11T00:00:00.000Z";"2016-12-11T23:59:59.999Z";"2016-12-11T02:19:02.000Z";"2016-12-11T15:44:10.000Z";"2781";0.00681581022218;0.00699826003984;0.00673139980063;0.00674379011616;978511;242740088.328;"2016-12-11T23:59:59.999Z"
"2016-12-10T00:00:00.000Z";"2016-12-10T23:59:59.999Z";"2016-12-10T01:54:03.000Z";"2016-12-10T23:59:03.000Z";"2781";0.0071381800808;0.00714521016926;0.00681579019874;0.00681579019874;1297860;245331700.22;"2016-12-10T23:59:59.999Z"
"2016-12-09T00:00:00.000Z";"2016-12-09T23:59:59.999Z";"2016-12-09T16:39:02.000Z";"2016-12-09T16:29:03.000Z";"2781";0.0070907799527;0.00716219982132;0.00700693018734;0.00713466992602;2421860;256809661.332;"2016-12-09T23:59:59.999Z"
"2016-12-08T00:00:00.000Z";"2016-12-08T23:59:59.999Z";"2016-12-08T17:54:03.000Z";"2016-12-08T01:19:04.000Z";"2781";0.00684867985547;0.00715600978583;0.00682902988046;0.00709728011861;2789540;255463822.879;"2016-12-08T23:59:59.999Z"
"2016-12-07T00:00:00.000Z";"2016-12-07T23:59:59.999Z";"2016-12-07T23:59:03.000Z";"2016-12-07T06:24:03.000Z";"2781";0.00665313983336;0.00685103004798;0.00656531006098;0.00685103004798;2805260;246553161.042;"2016-12-07T23:59:59.999Z"
"2016-12-06T00:00:00.000Z";"2016-12-06T23:59:59.999Z";"2016-12-06T23:59:02.000Z";"2016-12-06T03:29:03.000Z";"2781";0.00643509998918;0.0066553298384;0.00641663977876;0.0066553298384;1396500;239510358.191;"2016-12-06T23:59:59.999Z"
"2016-12-05T00:00:00.000Z";"2016-12-05T23:59:59.999Z";"2016-12-05T07:54:02.000Z";"2016-12-05T22:44:03.000Z";"2781";0.00652534002438;0.00676064006984;0.00641909008846;0.00643352977931;867666;231528275.041;"2016-12-05T23:59:59.999Z"
"2016-12-04T00:00:00.000Z";"2016-12-04T23:59:59.999Z";"2016-12-04T00:14:02.000Z";"2016-12-04T18:09:03.000Z";"2781";0.00659226998687;0.00659450003877;0.00651893019676;0.00652687996626;1167110;234887731.588;"2016-12-04T23:59:59.999Z"
"2016-12-03T00:00:00.000Z";"2016-12-03T23:59:59.999Z";"2016-12-03T05:29:03.000Z";"2016-12-03T19:19:03.000Z";"2781";0.00671207997948;0.00688978983089;0.00658771023154;0.00658835005015;1213480;237099898.635;"2016-12-03T23:59:59.999Z"
"2016-12-02T00:00:00.000Z";"2016-12-02T23:59:59.999Z";"2016-12-02T10:19:02.000Z";"2016-12-02T16:34:03.000Z";"2781";0.00670656003058;0.00690561998636;0.00661463011056;0.00666044978425;1756030;239694615.475;"2016-12-02T23:59:59.999Z"
"2016-12-01T00:00:00.000Z";"2016-12-01T23:59:59.999Z";"2016-12-01T00:54:04.000Z";"2016-12-01T09:14:03.000Z";"2781";0.00672258017585;0.00673726014793;0.00670211995021;0.00670215021819;1142000;241195304.688;"2016-12-01T23:59:59.999Z"
"2016-11-30T00:00:00.000Z";"2016-11-30T23:59:59.999Z";"2016-11-30T00:54:33.000Z";"2016-11-30T18:39:04.000Z";"2781";0.0067791598849;0.0067835599184;0.00671980017796;0.00672260997817;1495310;241184505.851;"2016-11-30T23:59:59.999Z"
"2016-11-29T00:00:00.000Z";"2016-11-29T23:59:59.999Z";"2016-11-29T14:04:33.000Z";"2016-11-29T23:59:33.000Z";"2781";0.00700917979702;0.00704198004678;0.00678022019565;0.00678022019565;1551670;243251357.77;"2016-11-29T23:59:59.999Z"
"2016-11-28T00:00:00.000Z";"2016-11-28T23:59:59.999Z";"2016-11-28T01:14:03.000Z";"2016-11-28T13:24:34.000Z";"2781";0.00708189001307;0.00711415987462;0.0069474298507;0.007007970009;1818750;251422257.347;"2016-11-28T23:59:59.999Z"
"2016-11-27T00:00:00.000Z";"2016-11-27T23:59:59.999Z";"2016-11-27T11:44:07.000Z";"2016-11-27T23:44:01.000Z";"2781";0.00738502992317;0.00749858980998;0.00706955976784;0.00707361986861;525140;253777557.27;"2016-11-27T23:59:59.999Z"
"2016-11-26T00:00:00.000Z";"2016-11-26T23:59:59.999Z";"2016-11-26T23:59:01.000Z";"2016-11-26T15:54:02.000Z";"2781";0.00689513981342;0.00738980993629;0.00684654014185;0.00738980993629;560816;265121384.876;"2016-11-26T23:59:59.999Z"
"2016-11-25T00:00:00.000Z";"2016-11-25T23:59:59.999Z";"2016-11-25T07:24:03.000Z";"2016-11-25T19:19:03.000Z";"2781";0.00694847013801;0.00697943009436;0.00688752019778;0.00690203998238;995869;247621847.283;"2016-11-25T23:59:59.999Z"
"2016-11-24T00:00:00.000Z";"2016-11-24T23:59:59.999Z";"2016-11-24T01:24:04.000Z";"2016-11-24T20:24:03.000Z";"2781";0.00706201000139;0.00706902006641;0.00694510992616;0.0069495299831;1845880;249325627.836;"2016-11-24T23:59:59.999Z"
"2016-11-23T00:00:00.000Z";"2016-11-23T23:59:59.999Z";"2016-11-23T00:29:03.000Z";"2016-11-23T22:24:03.000Z";"2781";0.00743365986273;0.00743479980156;0.0070353099145;0.00706123979762;3730650;253252040.339;"2016-11-23T23:59:59.999Z"
"2016-11-22T00:00:00.000Z";"2016-11-22T23:59:59.999Z";"2016-11-22T00:09:03.000Z";"2016-11-22T23:54:02.000Z";"2781";0.00756654003635;0.00756713980809;0.00743137998506;0.00743390014395;2400100;266617526.479;"2016-11-22T23:59:59.999Z"
"2016-11-21T00:00:00.000Z";"2016-11-21T23:59:59.999Z";"2016-11-21T00:19:03.000Z";"2016-11-21T23:44:03.000Z";"2781";0.00764915021136;0.00765135977417;0.00756551977247;0.00756630022079;2594010;271366065;"2016-11-21T23:59:59.999Z"
"2016-11-20T00:00:00.000Z";"2016-11-20T23:59:59.999Z";"2016-11-20T01:24:03.000Z";"2016-11-20T19:04:01.000Z";"2781";0.00779948988929;0.00780647015199;0.00762597005814;0.00765113020316;1875290;274408500.971;"2016-11-20T23:59:59.999Z"
"2016-11-19T00:00:00.000Z";"2016-11-19T23:59:59.999Z";"2016-11-19T13:39:02.000Z";"2016-11-19T09:04:02.000Z";"2781";0.00777756981552;0.0078090201132;0.00775260990486;0.00779919978231;1296770;279719045.524;"2016-11-19T23:59:59.999Z"
"2016-11-18T00:00:00.000Z";"2016-11-18T23:59:59.999Z";"2016-11-18T23:59:03.000Z";"2016-11-18T00:49:03.000Z";"2781";0.00772240012884;0.00777787016705;0.00770882004872;0.00777787016705;2487390;278954043.056;"2016-11-18T23:59:59.999Z"
"2016-11-17T00:00:00.000Z";"2016-11-17T23:59:59.999Z";"2016-11-17T00:14:04.000Z";"2016-11-17T23:14:03.000Z";"2781";0.00785055011511;0.00786687992513;0.00772074982524;0.00772663997486;2401030;277116674.262;"2016-11-17T23:59:59.999Z"
"2016-11-16T00:00:00.000Z";"2016-11-16T23:59:59.999Z";"2016-11-16T19:19:03.000Z";"2016-11-16T23:59:04.000Z";"2781";0.00788785982877;0.00794431008399;0.00784161034971;0.00784161034971;2905840;280456215.951;"2016-11-16T23:59:59.999Z"
"2016-11-15T00:00:00.000Z";"2016-11-15T23:59:59.999Z";"2016-11-15T02:09:11.000Z";"2016-11-15T22:34:33.000Z";"2781";0.00809941999614;0.00811505969614;0.00787596963346;0.00788052007556;3078090;281847837.233;"2016-11-15T23:59:59.999Z"
"2016-11-14T00:00:00.000Z";"2016-11-14T23:59:59.999Z";"2016-11-14T03:44:03.000Z";"2016-11-14T12:14:07.000Z";"2781";0.00825459975749;0.00830822996795;0.00805884040892;0.00809752009809;1283330;289608870.855;"2016-11-14T23:59:59.999Z"
"2016-11-13T00:00:00.000Z";"2016-11-13T23:59:59.999Z";"2016-11-13T23:24:02.000Z";"2016-11-13T15:29:02.000Z";"2781";0.00803889986128;0.0082576898858;0.00796801969409;0.00825744029135;2201990;295328430.748;"2016-11-13T23:59:59.999Z"
"2016-11-12T00:00:00.000Z";"2016-11-12T23:59:59.999Z";"2016-11-12T20:34:04.000Z";"2016-11-12T21:19:02.000Z";"2781";0.00806112959981;0.0081046698615;0.00801863986999;0.00804398022592;1708000;287694005.693;"2016-11-12T23:59:59.999Z"
"2016-11-11T00:00:00.000Z";"2016-11-11T23:59:59.999Z";"2016-11-11T08:39:03.000Z";"2016-11-11T19:14:02.000Z";"2781";0.00813139043748;0.00814590975642;0.00805811956525;0.00806511007249;2039200;288449722.93;"2016-11-11T23:59:59.999Z"
"2016-11-10T00:00:00.000Z";"2016-11-10T23:59:59.999Z";"2016-11-10T23:39:02.000Z";"2016-11-10T05:04:07.000Z";"2781";0.00808070041239;0.00813775975257;0.00804311968386;0.00813596975058;2600650;290984040.176;"2016-11-10T23:59:59.999Z"
"2016-11-09T00:00:00.000Z";"2016-11-09T23:59:59.999Z";"2016-11-09T09:34:09.000Z";"2016-11-09T23:04:03.000Z";"2781";0.00820542965084;0.00822172034532;0.00807422026992;0.00807879958302;3575540;288005742.392;"2016-11-09T23:59:59.999Z"
"2016-11-08T00:00:00.000Z";"2016-11-08T23:59:59.999Z";"2016-11-08T14:04:01.000Z";"2016-11-08T00:14:03.000Z";"2781";0.00811124034226;0.00824602041394;0.0081082303077;0.00820627994835;2477080;292550349.517;"2016-11-08T23:59:59.999Z"
"2016-11-07T00:00:00.000Z";"2016-11-07T23:59:59.999Z";"2016-11-07T00:59:03.000Z";"2016-11-07T14:14:11.000Z";"2781";0.00819666963071;0.00819743983448;0.00808846019208;0.00810845009983;2308500;289062752.129;"2016-11-07T23:59:59.999Z"
"2016-11-06T00:00:00.000Z";"2016-11-06T23:59:59.999Z";"2016-11-06T04:34:03.000Z";"2016-11-06T23:29:02.000Z";"2781";0.00822994019836;0.00827736034989;0.00818721018732;0.00819339975715;784787;292091183.061;"2016-11-06T23:59:59.999Z"
"2016-11-05T00:00:00.000Z";"2016-11-05T23:59:59.999Z";"2016-11-05T11:49:25.000Z";"2016-11-05T00:54:03.000Z";"2781";0.00815676990896;0.00826107989997;0.00815458968282;0.00823049992323;967011;293413782.091;"2016-11-05T23:59:59.999Z"
"2016-11-04T00:00:00.000Z";"2016-11-04T23:59:59.999Z";"2016-11-04T23:14:03.000Z";"2016-11-04T00:24:01.000Z";"2781";0.00801531039178;0.00816117040813;0.00800791010261;0.00815679971129;2707110;290786408.816;"2016-11-04T23:59:59.999Z"
"2016-11-03T00:00:00.000Z";"2016-11-03T23:59:59.999Z";"2016-11-03T01:24:03.000Z";"2016-11-03T22:54:02.000Z";"2781";0.00822131987661;0.00824259035289;0.00797487981617;0.00802110042423;3114110;285948762.229;"2016-11-03T23:59:59.999Z"
"2016-11-02T00:00:00.000Z";"2016-11-02T23:59:59.999Z";"2016-11-02T23:59:02.000Z";"2016-11-02T00:29:02.000Z";"2781";0.00810413993895;0.00822232011706;0.00808773003519;0.00822232011706;1739300;292147927.869;"2016-11-02T23:59:59.999Z"
"2016-11-01T00:00:00.000Z";"2016-11-01T23:59:59.999Z";"2016-11-01T13:59:02.000Z";"2016-11-01T22:44:01.000Z";"2781";0.00819667987525;0.00825904030353;0.00808341987431;0.00810233037919;1875440;287884553.314;"2016-11-01T23:59:59.999Z"
"2016-10-31T00:00:00.000Z";"2016-10-31T23:59:59.999Z";"2016-10-31T19:49:04.000Z";"2016-10-31T00:04:01.000Z";"2781";0.00801355019212;0.00826118979603;0.00801355019212;0.00819594971836;2515480;291210973.231;"2016-10-31T23:59:59.999Z"
"2016-10-30T00:00:00.000Z";"2016-10-30T23:59:59.999Z";"2016-10-30T22:59:02.000Z";"2016-10-30T02:29:03.000Z";"2781";0.00773777998984;0.00801805965602;0.00771551020443;0.00801431015134;2071780;284757107.458;"2016-10-30T23:59:59.999Z"
"2016-10-29T00:00:00.000Z";"2016-10-29T23:59:59.999Z";"2016-10-29T00:09:02.000Z";"2016-10-29T21:49:02.000Z";"2781";0.00815721042454;0.00816163979471;0.00767390010878;0.00773232011124;3471390;274737697.586;"2016-10-29T23:59:59.999Z"
"2016-10-28T00:00:00.000Z";"2016-10-28T23:59:59.999Z";"2016-10-28T00:14:03.000Z";"2016-10-28T21:39:04.000Z";"2781";0.0084826303646;0.00849222019315;0.00808054953814;0.00814314000309;3881320;289334576.779;"2016-10-28T23:59:59.999Z"
"2016-10-27T00:00:00.000Z";"2016-10-27T23:59:59.999Z";"2016-10-27T02:24:08.000Z";"2016-10-27T23:49:03.000Z";"2781";0.0088325701654;0.00884892977774;0.00846831966192;0.00848057027906;4302920;301323829.849;"2016-10-27T23:59:59.999Z"
"2016-10-26T00:00:00.000Z";"2016-10-26T23:59:59.999Z";"2016-10-26T01:44:03.000Z";"2016-10-26T16:54:04.000Z";"2781";0.00888369046152;0.00894439034164;0.00881514046341;0.00883466005325;2969280;313525876.773;"2016-10-26T23:59:59.999Z"
"2016-10-25T00:00:00.000Z";"2016-10-25T23:59:59.999Z";"2016-10-25T09:24:01.000Z";"2016-10-25T23:49:03.000Z";"2781";0.00906455982476;0.00913539994508;0.00888174027205;0.00889080017805;2780690;315518182.388;"2016-10-25T23:59:59.999Z"
"2016-10-24T00:00:00.000Z";"2016-10-24T23:59:59.999Z";"2016-10-24T02:44:01.000Z";"2016-10-24T23:44:03.000Z";"2781";0.00943202991039;0.00948536023498;0.00905361957848;0.0090649202466;1717690;321697381.775;"2016-10-24T23:59:59.999Z"
"2016-10-23T00:00:00.000Z";"2016-10-23T23:59:59.999Z";"2016-10-23T23:59:03.000Z";"2016-10-23T03:04:03.000Z";"2781";0.00897657964379;0.00945391040295;0.0089154895395;0.00945391040295;974189;335501923.298;"2016-10-23T23:59:59.999Z"
"2016-10-22T00:00:00.000Z";"2016-10-22T23:59:59.999Z";"2016-10-22T14:44:03.000Z";"2016-10-22T04:09:04.000Z";"2781";0.00902730971575;0.00908095017076;0.00886383000761;0.00897242967039;1649580;318415081.342;"2016-10-22T23:59:59.999Z"
"2016-10-21T00:00:00.000Z";"2016-10-21T23:59:59.999Z";"2016-10-21T00:29:03.000Z";"2016-10-21T12:14:03.000Z";"2781";0.00909041985869;0.00912829954177;0.00885592028499;0.00902917981148;4055710;320429034.738;"2016-10-21T23:59:59.999Z"
"2016-10-20T00:00:00.000Z";"2016-10-20T23:59:59.999Z";"2016-10-20T23:44:03.000Z";"2016-10-20T00:44:03.000Z";"2781";0.00863622967154;0.00912388041615;0.00862019043416;0.00909186992794;5895540;322653787.837;"2016-10-20T23:59:59.999Z"
"2016-10-19T00:00:00.000Z";"2016-10-19T23:59:59.999Z";"2016-10-19T23:54:02.000Z";"2016-10-19T01:04:12.000Z";"2781";0.00834756996483;0.00863688997924;0.00831830035895;0.00862711016089;3360180;306053398.896;"2016-10-19T23:59:59.999Z"
"2016-10-18T00:00:00.000Z";"2016-10-18T23:59:59.999Z";"2016-10-18T23:14:02.000Z";"2016-10-18T00:39:02.000Z";"2781";0.00803203973919;0.00835040956736;0.00802620965987;0.00835002958775;3782990;296223771.62;"2016-10-18T23:59:59.999Z"
"2016-10-17T00:00:00.000Z";"2016-10-17T23:59:59.999Z";"2016-10-17T12:34:02.000Z";"2016-10-17T05:09:03.000Z";"2781";0.00807914044708;0.00814421009272;0.00801094993949;0.00803042016923;2485290;284885359.705;"2016-10-17T23:59:59.999Z"
"2016-10-16T00:00:00.000Z";"2016-10-16T23:59:59.999Z";"2016-10-16T19:59:03.000Z";"2016-10-16T23:29:01.000Z";"2781";0.00813722983003;0.008230259642;0.00805537961423;0.00807791016996;608355;286570104.181;"2016-10-16T23:59:59.999Z"
"2016-10-15T00:00:00.000Z";"2016-10-15T23:59:59.999Z";"2016-10-15T07:34:02.000Z";"2016-10-15T22:14:03.000Z";"2781";0.00876898039132;0.00888455007225;0.00812968984246;0.00814566016197;781979;288973587.824;"2016-10-15T23:59:59.999Z"
"2016-10-14T00:00:00.000Z";"2016-10-14T23:59:59.999Z";"2016-10-14T13:19:03.000Z";"2016-10-14T07:14:03.000Z";"2781";0.00798023957759;0.00896017998457;0.0079703303054;0.0087670199573;1915430;311016814.343;"2016-10-14T23:59:59.999Z"
"2016-10-13T00:00:00.000Z";"2016-10-13T23:59:59.999Z";"2016-10-13T23:34:03.000Z";"2016-10-13T13:49:01.000Z";"2781";0.00795080978423;0.00798436999321;0.00786682032049;0.00798152014613;1009720;283150594.389;"2016-10-13T23:59:59.999Z"
"2016-10-12T00:00:00.000Z";"2016-10-12T23:59:59.999Z";"2016-10-12T18:14:03.000Z";"2016-10-12T20:44:03.000Z";"2781";0.00820767972618;0.00850731972605;0.00793442968279;0.00794879999012;2943130;281990055.287;"2016-10-12T23:59:59.999Z"
"2016-10-11T00:00:00.000Z";"2016-10-11T23:59:59.999Z";"2016-10-11T05:19:03.000Z";"2016-10-11T17:29:03.000Z";"2781";0.00799349043518;0.00832370016724;0.00790487974882;0.00823435001075;4003630;292120170.561;"2016-10-11T23:59:59.999Z"
"2016-10-10T00:00:00.000Z";"2016-10-10T23:59:59.999Z";"2016-10-10T18:04:03.000Z";"2016-10-10T00:04:03.000Z";"2781";0.00754238013178;0.00810540001839;0.00754238013178;0.00797833967954;6150610;283038010.48;"2016-10-10T23:59:59.999Z"
"2016-10-09T00:00:00.000Z";"2016-10-09T23:59:59.999Z";"2016-10-09T18:44:03.000Z";"2016-10-09T03:49:03.000Z";"2781";0.00730988988653;0.00756256980821;0.00729865999892;0.00754301995039;3390900;267594684.334;"2016-10-09T23:59:59.999Z"
"2016-10-08T00:00:00.000Z";"2016-10-08T23:59:59.999Z";"2016-10-08T00:14:03.000Z";"2016-10-08T13:19:02.000Z";"2781";0.00737133994699;0.00737702008337;0.00726024014875;0.00731045985594;2019560;259344431.811;"2016-10-08T23:59:59.999Z"
"2016-10-07T00:00:00.000Z";"2016-10-07T23:59:59.999Z";"2016-10-07T12:29:03.000Z";"2016-10-07T16:14:03.000Z";"2781";0.00737748993561;0.00745871989056;0.00734987994656;0.00737651018426;3042600;261687608.536;"2016-10-07T23:59:59.999Z"
"2016-10-06T00:00:00.000Z";"2016-10-06T23:59:59.999Z";"2016-10-06T01:59:03.000Z";"2016-10-06T08:34:03.000Z";"2781";0.00742942979559;0.00745989009738;0.00732146017253;0.0073823002167;2826190;261893013.429;"2016-10-06T23:59:59.999Z"
"2016-10-05T00:00:00.000Z";"2016-10-05T23:59:59.999Z";"2016-10-05T01:49:03.000Z";"2016-10-05T23:14:03.000Z";"2781";0.00787333026528;0.00789459981024;0.00740665988997;0.00743457023054;4840340;263742834.141;"2016-10-05T23:59:59.999Z"
"2016-10-04T00:00:00.000Z";"2016-10-04T23:59:59.999Z";"2016-10-04T03:44:03.000Z";"2016-10-04T23:59:03.000Z";"2781";0.00811505038291;0.00813203956932;0.00785280019045;0.00785280019045;2642950;278579625.714;"2016-10-04T23:59:59.999Z"
"2016-10-03T00:00:00.000Z";"2016-10-03T23:59:59.999Z";"2016-10-03T10:54:03.000Z";"2016-10-03T23:54:03.000Z";"2781";0.00816455017775;0.00824121013284;0.00806539971381;0.00808920990676;2776300;286966316.998;"2016-10-03T23:59:59.999Z"
"2016-10-02T00:00:00.000Z";"2016-10-02T23:59:59.999Z";"2016-10-02T08:24:02.000Z";"2016-10-02T13:24:03.000Z";"2781";0.00819678977132;0.00831640977412;0.00808434002101;0.00816501956433;2072840;289655691.67;"2016-10-02T23:59:59.999Z"
"2016-10-01T00:00:00.000Z";"2016-10-01T23:59:59.999Z";"2016-10-01T00:09:03.000Z";"2016-10-01T17:49:03.000Z";"2781";0.00883913040161;0.00884849019349;0.008185650222;0.00820474978536;5895530;291065121.24;"2016-10-01T23:59:59.999Z"
"2016-09-30T00:00:00.000Z";"2016-09-30T23:59:59.999Z";"2016-09-30T09:14:03.000Z";"2016-09-30T23:14:03.000Z";"2781";0.00891003012657;0.00923974998295;0.00878860987723;0.00883032009006;7561150;313257340.125;"2016-09-30T23:59:59.999Z"
"2016-09-29T00:00:00.000Z";"2016-09-29T23:59:59.999Z";"2016-09-29T00:09:03.000Z";"2016-09-29T06:34:07.000Z";"2781";0.00906477961689;0.00908984988928;0.00870683975518;0.00891400035471;5974090;316225904.596;"2016-09-29T23:59:59.999Z"
"2016-09-28T00:00:00.000Z";"2016-09-28T23:59:59.999Z";"2016-09-28T23:34:03.000Z";"2016-09-28T00:04:03.000Z";"2781";0.00822024978697;0.00908167008311;0.00822024978697;0.00904786027968;7558520;320824517.179;"2016-09-28T23:59:59.999Z"
"2016-09-27T00:00:00.000Z";"2016-09-27T23:59:59.999Z";"2016-09-27T13:24:03.000Z";"2016-09-27T02:29:03.000Z";"2781";0.00795906968415;0.00830597989261;0.0079187201336;0.00822922959924;6131430;291797037.256;"2016-09-27T23:59:59.999Z"
"2016-09-26T00:00:00.000Z";"2016-09-26T23:59:59.999Z";"2016-09-26T13:29:03.000Z";"2016-09-26T00:34:02.000Z";"2781";0.00787197984755;0.00859262980521;0.00784731004387;0.00796322990209;9102940;282365047.639;"2016-09-26T23:59:59.999Z"
"2016-09-25T00:00:00.000Z";"2016-09-25T23:59:59.999Z";"2016-09-25T23:04:03.000Z";"2016-09-25T05:04:03.000Z";"2781";0.00735594984144;0.00798625033349;0.00731647992507;0.00785456970334;4699860;278512115.34;"2016-09-25T23:59:59.999Z"
"2016-09-24T00:00:00.000Z";"2016-09-24T23:59:59.999Z";"2016-09-24T18:24:02.000Z";"2016-09-24T07:44:02.000Z";"2781";0.00723409978673;0.00742426002398;0.00716990977526;0.00736211007461;2170050;261050169.451;"2016-09-24T23:59:59.999Z"
"2016-09-23T00:00:00.000Z";"2016-09-23T23:59:59.999Z";"2016-09-23T23:34:02.000Z";"2016-09-23T01:04:02.000Z";"2781";0.00684776017442;0.0072998101823;0.00680695986375;0.00721063977107;3104540;255679254.161;"2016-09-23T23:59:59.999Z"
"2016-09-22T00:00:00.000Z";"2016-09-22T23:59:59.999Z";"2016-09-22T13:39:02.000Z";"2016-09-22T22:59:02.000Z";"2781";0.00683327019215;0.00698556983843;0.00680895987898;0.00684269983321;1491330;242632614.088;"2016-09-22T23:59:59.999Z"
"2016-09-21T00:00:00.000Z";"2016-09-21T23:59:59.999Z";"2016-09-21T18:39:02.000Z";"2016-09-21T11:29:02.000Z";"2781";0.00680931983516;0.006908189971;0.00670917006209;0.00682883011177;1719470;242135482.538;"2016-09-21T23:59:59.999Z"
"2016-09-20T00:00:00.000Z";"2016-09-20T23:59:59.999Z";"2016-09-20T04:54:02.000Z";"2016-09-20T19:14:02.000Z";"2781";0.00686465995386;0.00691065983847;0.00674815988168;0.00678526004776;1365440;240590584.953;"2016-09-20T23:59:59.999Z"
"2016-09-19T00:00:00.000Z";"2016-09-19T23:59:59.999Z";"2016-09-19T16:19:02.000Z";"2016-09-19T06:24:02.000Z";"2781";0.00685518002138;0.00717790983617;0.00679454999045;0.00685827992857;2930120;243179715.585;"2016-09-19T23:59:59.999Z"
"2016-09-18T00:00:00.000Z";"2016-09-18T23:59:59.999Z";"2016-09-18T00:29:02.000Z";"2016-09-18T20:04:02.000Z";"2781";0.00701732002199;0.00701946998015;0.00678818998858;0.00685256021097;2231350;242976896.807;"2016-09-18T23:59:59.999Z"
"2016-09-17T00:00:00.000Z";"2016-09-17T23:59:59.999Z";"2016-09-17T04:59:03.000Z";"2016-09-17T19:14:02.000Z";"2781";0.0073908502236;0.00753537984565;0.00699838995934;0.00701826997101;1646260;248852613.556;"2016-09-17T23:59:59.999Z"
"2016-09-16T00:00:00.000Z";"2016-09-16T23:59:59.999Z";"2016-09-16T00:14:02.000Z";"2016-09-16T22:24:02.000Z";"2781";0.00828611012548;0.00833281967789;0.00720033980906;0.00744597008452;12342800;264017926.777;"2016-09-16T23:59:59.999Z"
"2016-09-15T00:00:00.000Z";"2016-09-15T23:59:59.999Z";"2016-09-15T14:44:02.000Z";"2016-09-15T00:39:02.000Z";"2781";0.00596893997863;0.00876455008984;0.00595318991691;0.00830308999866;15967600;294409540.684;"2016-09-15T23:59:59.999Z"
"2016-09-14T00:00:00.000Z";"2016-09-14T23:59:59.999Z";"2016-09-14T19:34:02.000Z";"2016-09-14T01:34:02.000Z";"2781";0.00588756008074;0.00604231981561;0.00588113022968;0.00596127985045;1048560;210537258.649;"2016-09-14T23:59:59.999Z"
"2016-09-13T00:00:00.000Z";"2016-09-13T23:59:59.999Z";"2016-09-13T01:54:02.000Z";"2016-09-13T05:24:02.000Z";"2781";0.00589891988784;0.00590477976948;0.00587101001292;0.00588600989431;836942;207878913.552;"2016-09-13T23:59:59.999Z"
"2016-09-12T00:00:00.000Z";"2016-09-12T23:59:59.999Z";"2016-09-12T19:54:02.000Z";"2016-09-12T03:09:02.000Z";"2781";0.00584375020117;0.00591207016259;0.00583666004241;0.00589729985222;680932;208277647.658;"2016-09-12T23:59:59.999Z"
"2016-09-11T00:00:00.000Z";"2016-09-11T23:59:59.999Z";"2016-09-11T19:39:02.000Z";"2016-09-11T21:44:02.000Z";"2781";0.00586639996618;0.00589497992769;0.00581494020298;0.00584215996787;533904;206330243;"2016-09-11T23:59:59.999Z"
"2016-09-10T00:00:00.000Z";"2016-09-10T23:59:59.999Z";"2016-09-10T17:29:02.000Z";"2016-09-10T09:44:02.000Z";"2781";0.00587174016982;0.0058824098669;0.00585949001834;0.00586987985298;310034;207309242.948;"2016-09-10T23:59:59.999Z"
"2016-09-09T00:00:00.000Z";"2016-09-09T23:59:59.999Z";"2016-09-09T01:54:02.000Z";"2016-09-09T18:24:02.000Z";"2781";0.00590118020773;0.00590668991208;0.00585734006017;0.00586911011487;849260;207282048.505;"2016-09-09T23:59:59.999Z"
"2016-09-08T00:00:00.000Z";"2016-09-08T23:59:59.999Z";"2016-09-08T09:39:02.000Z";"2016-09-08T00:04:02.000Z";"2781";0.00589204998687;0.00594080006704;0.00589204998687;0.00590159976855;869389;208429512.73;"2016-09-08T23:59:59.999Z"
"2016-09-07T00:00:00.000Z";"2016-09-07T23:59:59.999Z";"2016-09-07T00:39:02.000Z";"2016-09-07T23:04:02.000Z";"2781";0.0059148198925;0.00592469004914;0.00588760012761;0.00589238014072;686254;208100082.591;"2016-09-07T23:59:59.999Z"
"2016-09-06T00:00:00.000Z";"2016-09-06T23:59:59.999Z";"2016-09-06T07:49:02.000Z";"2016-09-06T20:34:02.000Z";"2781";0.00593328010291;0.00595522020012;0.00590041000396;0.00591174000874;773525;208783816.091;"2016-09-06T23:59:59.999Z"
"2016-09-05T00:00:00.000Z";"2016-09-05T23:59:59.999Z";"2016-09-05T03:04:01.000Z";"2016-09-05T03:54:02.000Z";"2781";0.00594783015549;0.00596611993387;0.00588899990544;0.00593206984922;784460;209501806.899;"2016-09-05T23:59:59.999Z"
"2016-09-04T00:00:00.000Z";"2016-09-04T23:59:59.999Z";"2016-09-04T05:24:02.000Z";"2016-09-04T15:59:02.000Z";"2781";0.00596439978108;0.00600189017132;0.0059048300609;0.00595379015431;800373;210268888.077;"2016-09-04T23:59:59.999Z"
"2016-09-03T00:00:00.000Z";"2016-09-03T23:59:59.999Z";"2016-09-03T22:29:02.000Z";"2016-09-03T19:29:02.000Z";"2781";0.00596670992672;0.0059921098873;0.00592789007351;0.00596428988501;698318;210639714.614;"2016-09-03T23:59:59.999Z"
"2016-09-02T00:00:00.000Z";"2016-09-02T23:59:59.999Z";"2016-09-02T00:29:02.000Z";"2016-09-02T06:44:02.000Z";"2781";0.00597930978984;0.00598549004644;0.00595882022753;0.00596990995109;583636;210838195.103;"2016-09-02T23:59:59.999Z"
"2016-09-01T00:00:00.000Z";"2016-09-01T23:59:59.999Z";"2016-09-01T19:34:02.000Z";"2016-09-01T23:49:02.000Z";"2781";0.00601295987144;0.00603011995554;0.00597997009754;0.00598372984678;660021;211326273.458;"2016-09-01T23:59:59.999Z"
"2016-08-31T00:00:00.000Z";"2016-08-31T23:59:59.999Z";"2016-08-31T09:49:02.000Z";"2016-08-31T17:44:02.000Z";"2781";0.00603639986366;0.00604536989704;0.00591536005959;0.00601236987859;1169040;213816292.984;"2016-08-31T23:59:59.999Z"
"2016-08-30T00:00:00.000Z";"2016-08-30T23:59:59.999Z";"2016-08-30T00:09:02.000Z";"2016-08-30T23:19:02.000Z";"2781";0.00612033018842;0.00612855004147;0.00600646017119;0.0060261702165;928043;214307058.663;"2016-08-30T23:59:59.999Z"
"2016-08-29T00:00:00.000Z";"2016-08-29T23:59:59.999Z";"2016-08-29T23:44:02.000Z";"2016-08-29T11:49:02.000Z";"2781";0.00596127985045;0.00613967981189;0.005938350223;0.00613105017692;1527760;218036877.82;"2016-08-29T23:59:59.999Z"
"2016-08-28T00:00:00.000Z";"2016-08-28T23:59:59.999Z";"2016-08-28T11:34:02.000Z";"2016-08-28T17:59:02.000Z";"2781";0.00597386015579;0.00600069994107;0.00595487002283;0.00596281979233;592108;212054159.696;"2016-08-28T23:59:59.999Z"
"2016-08-27T00:00:00.000Z";"2016-08-27T23:59:59.999Z";"2016-08-27T03:24:02.000Z";"2016-08-27T23:24:02.000Z";"2781";0.00601767003536;0.00604174984619;0.00597100984305;0.00597472023219;233262;212477356.187;"2016-08-27T23:59:59.999Z"
"2016-08-26T00:00:00.000Z";"2016-08-26T23:59:59.999Z";"2016-08-26T00:54:02.000Z";"2016-08-26T17:09:02.000Z";"2781";0.00608302978799;0.00609721010551;0.00601885979995;0.00603018002585;578722;214449665.212;"2016-08-26T23:59:59.999Z"
"2016-08-25T00:00:00.000Z";"2016-08-25T23:59:59.999Z";"2016-08-25T22:44:02.000Z";"2016-08-25T02:29:03.000Z";"2781";0.00604875013232;0.00608468009159;0.00602845009416;0.00607912009582;716326;216190105.234;"2016-08-25T23:59:59.999Z"
"2016-08-24T00:00:00.000Z";"2016-08-24T23:59:59.999Z";"2016-08-24T23:34:02.000Z";"2016-08-24T06:09:02.000Z";"2781";0.00601516989991;0.00605869013816;0.00598892988637;0.00605151010677;1118660;215204244.114;"2016-08-24T23:59:59.999Z"
"2016-08-23T00:00:00.000Z";"2016-08-23T23:59:59.999Z";"2016-08-23T07:44:02.000Z";"2016-08-23T18:44:02.000Z";"2781";0.00600160984322;0.00605387985706;0.00595986982808;0.00601941021159;979256;214062701.551;"2016-08-23T23:59:59.999Z"
"2016-08-22T00:00:00.000Z";"2016-08-22T23:59:59.999Z";"2016-08-22T00:19:02.000Z";"2016-08-22T22:19:01.000Z";"2781";0.00605549011379;0.00607187021524;0.00588328996673;0.00600014999509;686434;213377776.013;"2016-08-22T23:59:59.999Z"
"2016-08-21T00:00:00.000Z";"2016-08-21T23:59:59.999Z";"2016-08-21T00:44:02.000Z";"2016-08-21T17:49:02.000Z";"2781";0.00611608009785;0.0061173401773;0.00601181993261;0.00605170009658;411952;215211000.908;"2016-08-21T23:59:59.999Z"
"2016-08-20T00:00:00.000Z";"2016-08-20T23:59:59.999Z";"2016-08-20T19:34:02.000Z";"2016-08-20T03:24:02.000Z";"2781";0.00612589018419;0.00614756019786;0.00608485005796;0.00611395994201;399635;217425095.611;"2016-08-20T23:59:59.999Z"
"2016-08-19T00:00:00.000Z";"2016-08-19T23:59:59.999Z";"2016-08-19T18:09:02.000Z";"2016-08-19T15:29:02.000Z";"2781";0.00612004008144;0.00619863998145;0.00609329994768;0.00611939001828;1356390;217618197.671;"2016-08-19T23:59:59.999Z"
"2016-08-18T00:00:00.000Z";"2016-08-18T23:59:59.999Z";"2016-08-18T23:44:02.000Z";"2016-08-18T10:44:02.000Z";"2781";0.00609963014722;0.00612261006609;0.00604380993173;0.00612170016393;1080170;217700346.061;"2016-08-18T23:59:59.999Z"
"2016-08-17T00:00:00.000Z";"2016-08-17T23:59:59.999Z";"2016-08-17T02:29:02.000Z";"2016-08-17T17:19:02.000Z";"2781";0.00614434015006;0.0061579500325;0.00609932979569;0.0061089200899;1352830;217221263.997;"2016-08-17T23:59:59.999Z"
"2016-08-16T00:00:00.000Z";"2016-08-16T23:59:59.999Z";"2016-08-16T17:39:02.000Z";"2016-08-16T02:19:02.000Z";"2781";0.00604525022209;0.00618829019368;0.00602984009311;0.00614017993212;1249860;218332808.543;"2016-08-16T23:59:59.999Z"
"2016-08-15T00:00:00.000Z";"2016-08-15T23:59:59.999Z";"2016-08-15T19:39:02.000Z";"2016-08-15T10:09:02.000Z";"2781";0.00599294994026;0.00606153998524;0.00596917979419;0.00604494987056;488337;214946615.735;"2016-08-15T23:59:59.999Z"
"2016-08-14T00:00:00.000Z";"2016-08-14T23:59:59.999Z";"2016-08-14T00:54:01.000Z";"2016-08-14T19:29:02.000Z";"2781";0.0060923001729;0.00609338004142;0.00596756022424;0.00599410012364;499048;213138489.049;"2016-08-14T23:59:59.999Z"
"2016-08-13T00:00:00.000Z";"2016-08-13T23:59:59.999Z";"2016-08-13T02:19:02.000Z";"2016-08-13T16:34:01.000Z";"2781";0.00611939001828;0.00614110007882;0.00607986981049;0.00609237002209;602600;216632778.32;"2016-08-13T23:59:59.999Z"
"2016-08-12T00:00:00.000Z";"2016-08-12T23:59:59.999Z";"2016-08-12T00:24:02.000Z";"2016-08-12T06:24:01.000Z";"2781";0.00618838006631;0.00618895981461;0.00610087020323;0.00612276000902;646843;217713387.366;"2016-08-12T23:59:59.999Z"
"2016-08-11T00:00:00.000Z";"2016-08-11T23:59:59.999Z";"2016-08-11T14:54:03.000Z";"2016-08-11T10:14:02.000Z";"2781";0.00619604019448;0.00621719984338;0.00616161013022;0.00618941988796;407711;220083686.774;"2016-08-11T23:59:59.999Z"
"2016-08-10T00:00:00.000Z";"2016-08-10T23:59:59.999Z";"2016-08-10T18:49:06.000Z";"2016-08-10T03:59:04.000Z";"2781";0.00614664983004;0.00622111000121;0.00610940996557;0.00619434006512;865808;220257618.537;"2016-08-10T23:59:59.999Z"
"2016-08-09T00:00:00.000Z";"2016-08-09T23:59:59.999Z";"2016-08-09T20:04:02.000Z";"2016-08-09T15:44:02.000Z";"2781";0.00602672994137;0.00618059979752;0.00600335979834;0.00616306019947;1105300;219145367.949;"2016-08-09T23:59:59.999Z"
"2016-08-08T00:00:00.000Z";"2016-08-08T23:59:59.999Z";"2016-08-08T00:14:02.000Z";"2016-08-08T23:49:02.000Z";"2781";0.00616043992341;0.00618019979447;0.00602137017995;0.00602678023279;722628;214299539.619;"2016-08-08T23:59:59.999Z"
"2016-08-07T00:00:00.000Z";"2016-08-07T23:59:59.999Z";"2016-08-07T00:04:02.000Z";"2016-08-07T21:59:02.000Z";"2781";0.00633662985638;0.00633662985638;0.00615578982979;0.00617776997387;1303100;219668424.412;"2016-08-07T23:59:59.999Z"
"2016-08-06T00:00:00.000Z";"2016-08-06T23:59:59.999Z";"2016-08-06T06:34:02.000Z";"2016-08-06T16:54:02.000Z";"2781";0.00644836015999;0.00656032003462;0.00623928988352;0.00633660005406;2164530;225316083.008;"2016-08-06T23:59:59.999Z"
"2016-08-05T00:00:00.000Z";"2016-08-05T23:59:59.999Z";"2016-08-05T23:14:02.000Z";"2016-08-05T01:24:09.000Z";"2781";0.00582141987979;0.00645026983693;0.00581294018775;0.00644720997661;697388;229249140.475;"2016-08-05T23:59:59.999Z"
"2016-08-04T00:00:00.000Z";"2016-08-04T23:59:59.999Z";"2016-08-04T23:14:02.000Z";"2016-08-04T00:24:02.000Z";"2781";0.00564632983878;0.00582033023238;0.00564392004162;0.00581560004503;1007960;206790425.835;"2016-08-04T23:59:59.999Z"
"2016-08-03T00:00:00.000Z";"2016-08-03T23:59:59.999Z";"2016-08-03T09:09:02.000Z";"2016-08-03T22:34:02.000Z";"2781";0.00568770989776;0.00570122012869;0.0056303399615;0.00564585020766;1570660;200710744.696;"2016-08-03T23:59:59.999Z"
"2016-08-02T00:00:00.000Z";"2016-08-02T23:59:59.999Z";"2016-08-02T02:09:02.000Z";"2016-08-02T23:24:02.000Z";"2781";0.00591108994558;0.00593345984817;0.00568646984175;0.00568960979581;1553690;202266418.72;"2016-08-02T23:59:59.999Z"
"2016-08-01T00:00:00.000Z";"2016-08-01T23:59:59.999Z";"2016-08-01T00:04:02.000Z";"2016-08-01T02:59:02.000Z";"2781";0.00594206992537;0.00594206992537;0.00590356998146;0.00590626010671;958956;209968356.044;"2016-08-01T23:59:59.999Z"
"2016-07-31T00:00:00.000Z";"2016-07-31T23:59:59.999Z";"2016-07-31T00:49:01.000Z";"2016-07-31T23:44:02.000Z";"2781";0.00611816998571;0.0061216801405;0.00594398006797;0.00594490999356;648205;211342368.864;"2016-07-31T23:59:59.999Z"
"2016-07-30T00:00:00.000Z";"2016-07-30T23:59:59.999Z";"2016-07-30T10:19:02.000Z";"2016-07-30T20:24:02.000Z";"2781";0.0061119501479;0.00616397010162;0.00610702997074;0.00612061005086;442025;217588528.051;"2016-07-30T23:59:59.999Z"
"2016-07-29T00:00:00.000Z";"2016-07-29T23:59:59.999Z";"2016-07-29T23:49:02.000Z";"2016-07-29T00:34:01.000Z";"2781";0.00597382988781;0.00611229008064;0.00596872996539;0.00611077994108;779667;217239070.198;"2016-07-29T23:59:59.999Z"
"2016-07-28T00:00:00.000Z";"2016-07-28T23:59:59.999Z";"2016-07-28T02:59:01.000Z";"2016-07-28T16:24:02.000Z";"2781";0.00597262987867;0.00598576990888;0.00594697007909;0.00597361987457;1264650;212363013.317;"2016-07-28T23:59:59.999Z"
"2016-07-27T00:00:00.000Z";"2016-07-27T23:59:59.999Z";"2016-07-27T00:09:02.000Z";"2016-07-27T13:34:02.000Z";"2781";0.00599621981382;0.00600844016299;0.00595421018079;0.00596900982782;1370090;212199157.254;"2016-07-27T23:59:59.999Z"
"2016-07-26T00:00:00.000Z";"2016-07-26T23:59:59.999Z";"2016-07-26T00:44:02.000Z";"2016-07-26T23:24:02.000Z";"2781";0.00624644989148;0.00624991999939;0.00598346022889;0.00599762005731;1547830;213216246.836;"2016-07-26T23:59:59.999Z"
"2016-07-25T00:00:00.000Z";"2016-07-25T23:59:59.999Z";"2016-07-25T02:44:02.000Z";"2016-07-25T21:04:54.000Z";"2781";0.00629309983924;0.0062972297892;0.00622450979427;0.00624629994854;881632;222056856.322;"2016-07-25T23:59:59.999Z"
"2016-07-24T00:00:00.000Z";"2016-07-24T23:59:59.999Z";"2016-07-24T00:19:02.000Z";"2016-07-24T14:54:01.000Z";"2781";0.00632809987292;0.00633258977905;0.0062275598757;0.00628551002592;315687;223450777.417;"2016-07-24T23:59:59.999Z"
"2016-07-23T00:00:00.000Z";"2016-07-23T23:59:59.999Z";"2016-07-23T23:44:02.000Z";"2016-07-23T14:49:02.000Z";"2781";0.00630311015993;0.00633525010198;0.00627013016492;0.00631672004238;356569;224560297.371;"2016-07-23T23:59:59.999Z"
"2016-07-22T00:00:00.000Z";"2016-07-22T23:59:59.999Z";"2016-07-22T00:19:02.000Z";"2016-07-22T23:59:02.000Z";"2781";0.00641658995301;0.00642294017598;0.00630292994902;0.00630292994902;780192;224070060.903;"2016-07-22T23:59:59.999Z"
"2016-07-21T00:00:00.000Z";"2016-07-21T23:59:59.999Z";"2016-07-21T14:34:02.000Z";"2016-07-21T02:29:02.000Z";"2781";0.00639034993947;0.0065636401996;0.00637352000922;0.00641633011401;811193;228101447.085;"2016-07-21T23:59:59.999Z"
"2016-07-20T00:00:00.000Z";"2016-07-20T23:59:59.999Z";"2016-07-20T09:49:02.000Z";"2016-07-20T21:09:02.000Z";"2781";0.00640433980152;0.00642246007919;0.00638015009463;0.00639476021752;790117;226619152.228;"2016-07-20T23:59:59.999Z"
"2016-07-19T00:00:00.000Z";"2016-07-19T23:59:59.999Z";"2016-07-19T01:59:02.000Z";"2016-07-19T21:29:03.000Z";"2781";0.00647858018056;0.00648469990119;0.00639719003811;0.00640525016934;550843;226990899.55;"2016-07-19T23:59:59.999Z"
"2016-07-18T00:00:00.000Z";"2016-07-18T23:59:59.999Z";"2016-07-18T00:19:02.000Z";"2016-07-18T18:54:28.000Z";"2781";0.00653827982023;0.00653983000666;0.00648126984015;0.00648187985644;442793;229706533.231;"2016-07-18T23:59:59.999Z"
"2016-07-17T00:00:00.000Z";"2016-07-17T23:59:59.999Z";"2016-07-17T00:19:02.000Z";"2016-07-17T03:54:02.000Z";"2781";0.00657070986927;0.00659069977701;0.00651567988098;0.00653799017891;529265;231694973.865;"2016-07-17T23:59:59.999Z"
"2016-07-16T00:00:00.000Z";"2016-07-16T23:59:59.999Z";"2016-07-16T23:54:02.000Z";"2016-07-16T05:39:02.000Z";"2781";0.00644167000428;0.00657222000882;0.00644049001858;0.00657194014639;659904;232898102.711;"2016-07-16T23:59:59.999Z"
"2016-07-15T00:00:00.000Z";"2016-07-15T23:59:59.999Z";"2016-07-15T21:39:02.000Z";"2016-07-15T00:04:02.000Z";"2781";0.0063881999813;0.006451619789;0.0063881999813;0.00644200993702;753167;228293609.9;"2016-07-15T23:59:59.999Z"
"2016-07-14T00:00:00.000Z";"2016-07-14T23:59:59.999Z";"2016-07-14T01:29:02.000Z";"2016-07-14T23:09:02.000Z";"2781";0.00640847999603;0.0064248801209;0.00637718988582;0.00638491986319;682894;226270439.773;"2016-07-14T23:59:59.999Z"
"2016-07-13T00:00:00.000Z";"2016-07-13T23:59:59.999Z";"2016-07-13T13:09:02.000Z";"2016-07-13T00:04:02.000Z";"2781";0.00634963996708;0.00643701013178;0.00634963996708;0.00641062995419;942245;226589948.053;"2016-07-13T23:59:59.999Z"
"2016-07-12T00:00:00.000Z";"2016-07-12T23:59:59.999Z";"2016-07-12T16:34:02.000Z";"2016-07-12T23:59:02.000Z";"2781";0.00653408979997;0.00659321993589;0.00634966976941;0.00634966976941;977958;224435257.604;"2016-07-12T23:59:59.999Z"
"2016-07-11T00:00:00.000Z";"2016-07-11T23:59:59.999Z";"2016-07-11T02:24:02.000Z";"2016-07-11T23:14:02.000Z";"2781";0.00667128991336;0.00669040018693;0.00652982015163;0.00653389981017;722627;230947046.013;"2016-07-11T23:59:59.999Z"
"2016-07-10T00:00:00.000Z";"2016-07-10T23:59:59.999Z";"2016-07-10T23:39:02.000Z";"2016-07-10T06:39:02.000Z";"2781";0.00667170993984;0.00667585991323;0.00662051979452;0.00667412020266;571047;235903258.197;"2016-07-10T23:59:59.999Z"
"2016-07-09T00:00:00.000Z";"2016-07-09T23:59:59.999Z";"2016-07-09T00:09:02.000Z";"2016-07-09T16:49:02.000Z";"2781";0.00671711983159;0.00671806978062;0.00662417011335;0.00667907996103;577447;236078574.218;"2016-07-09T23:59:59.999Z"
"2016-07-08T00:00:00.000Z";"2016-07-08T23:59:59.999Z";"2016-07-08T23:59:02.000Z";"2016-07-08T05:19:02.000Z";"2781";0.00660856999457;0.00671544019133;0.00656257010996;0.00671544019133;604076;237363753.758;"2016-07-08T23:59:59.999Z"
"2016-07-07T00:00:00.000Z";"2016-07-07T23:59:59.999Z";"2016-07-07T01:49:02.000Z";"2016-07-07T06:39:02.000Z";"2781";0.00668876012787;0.00669891992584;0.00649539008737;0.00659839995205;789693;233226861.203;"2016-07-07T23:59:59.999Z"
"2016-07-06T00:00:00.000Z";"2016-07-06T23:59:59.999Z";"2016-07-06T01:54:02.000Z";"2016-07-06T18:34:02.000Z";"2781";0.0067160599865;0.00674343015999;0.00668687978759;0.00669064978138;600195;236487527.114;"2016-07-06T23:59:59.999Z"
"2016-07-05T00:00:00.000Z";"2016-07-05T23:59:59.999Z";"2016-07-05T03:59:02.000Z";"2016-07-05T10:44:02.000Z";"2781";0.00702875014395;0.00706403004006;0.00665890984237;0.00669885985553;598865;236777717.543;"2016-07-05T23:59:59.999Z"
"2016-07-04T00:00:00.000Z";"2016-07-04T23:59:59.999Z";"2016-07-04T09:09:26.000Z";"2016-07-04T01:19:27.000Z";"2781";0.00662086997181;0.00844697002321;0.00659883022308;0.00702768983319;875970;248400533.494;"2016-07-04T23:59:59.999Z"
"2016-07-03T00:00:00.000Z";"2016-07-03T23:59:59.999Z";"2016-07-03T01:49:02.000Z";"2016-07-03T16:54:27.000Z";"2781";0.00671431981027;0.00673438981175;0.00658186012879;0.00660745985806;536311;233547095.708;"2016-07-03T23:59:59.999Z"
"2016-07-02T00:00:00.000Z";"2016-07-02T23:59:59.999Z";"2016-07-02T16:44:27.000Z";"2016-07-02T23:24:27.000Z";"2781";0.00678848009557;0.00680933985859;0.00669108983129;0.00669925007969;503769;236791502.472;"2016-07-02T23:59:59.999Z"
"2016-07-01T00:00:00.000Z";"2016-07-01T23:59:59.999Z";"2016-07-01T19:29:02.000Z";"2016-07-01T02:09:02.000Z";"2781";0.00665064016357;0.00683690980077;0.00663316994905;0.00678673014045;993538;239883568.097;"2016-07-01T23:59:59.999Z"
"2016-06-30T00:00:00.000Z";"2016-06-30T23:59:59.999Z";"2016-06-30T18:19:02.000Z";"2016-06-30T22:24:02.000Z";"2781";0.00677787000313;0.00695624016225;0.00663984986022;0.00665713008493;1046580;235302730.134;"2016-06-30T23:59:59.999Z"
"2016-06-29T00:00:00.000Z";"2016-06-29T23:59:59.999Z";"2016-06-29T08:49:02.000Z";"2016-06-29T05:04:02.000Z";"2781";0.0067749498412;0.0069361301139;0.00666985008866;0.00677719013765;2063960;239546446.323;"2016-06-29T23:59:59.999Z"
"2016-06-28T00:00:00.000Z";"2016-06-28T23:59:59.999Z";"2016-06-28T20:34:02.000Z";"2016-06-28T00:04:01.000Z";"2781";0.0064072101377;0.00682864012197;0.0064072101377;0.00677266996354;3149120;239386682.477;"2016-06-28T23:59:59.999Z"
"2016-06-27T00:00:00.000Z";"2016-06-27T23:59:59.999Z";"2016-06-27T03:29:07.000Z";"2016-06-27T01:44:02.000Z";"2781";0.00640184991062;0.00642861006781;0.00636431993917;0.00639849016443;1136160;226160922.349;"2016-06-27T23:59:59.999Z"
"2016-06-26T00:00:00.000Z";"2016-06-26T23:59:59.999Z";"2016-06-26T07:04:02.000Z";"2016-06-26T13:39:03.000Z";"2781";0.00640932982787;0.00647850008681;0.00635423976928;0.00639995001256;1236360;226212527.485;"2016-06-26T23:59:59.999Z"
"2016-06-25T00:00:00.000Z";"2016-06-25T23:59:59.999Z";"2016-06-25T08:54:02.000Z";"2016-06-25T17:39:02.000Z";"2781";0.00642671994865;0.00653646979481;0.00638348003849;0.00641359016299;1175110;225170414.791;"2016-06-25T23:59:59.999Z"
"2016-06-24T00:00:00.000Z";"2016-06-24T23:59:59.999Z";"2016-06-24T06:09:02.000Z";"2016-06-24T16:04:02.000Z";"2781";0.00638013007119;0.00656124018133;0.00634829001501;0.00643371976912;2408230;225877145.413;"2016-06-24T23:59:59.999Z"
"2016-06-23T00:00:00.000Z";"2016-06-23T23:59:59.999Z";"2016-06-23T00:19:02.000Z";"2016-06-23T02:14:02.000Z";"2781";0.00651942007244;0.00663828989491;0.00625295983627;0.00638053985313;3207640;224010084.584;"2016-06-23T23:59:59.999Z"
"2016-06-22T00:00:00.000Z";"2016-06-22T23:59:59.999Z";"2016-06-22T14:14:02.000Z";"2016-06-22T13:14:02.000Z";"2781";0.0061787199229;0.00679008010775;0.00608440022916;0.00649478984997;5052140;228021210.941;"2016-06-22T23:59:59.999Z"
"2016-06-21T00:00:00.000Z";"2016-06-21T23:59:59.999Z";"2016-06-21T00:14:02.000Z";"2016-06-21T22:14:02.000Z";"2781";0.00662988983095;0.00663525005803;0.0059762801975;0.00617174012586;3258040;216679465.912;"2016-06-21T23:59:59.999Z"
"2016-06-20T00:00:00.000Z";"2016-06-20T23:59:59.999Z";"2016-06-20T03:34:02.000Z";"2016-06-20T23:59:02.000Z";"2781";0.00681784981862;0.00689262989908;0.00662602996454;0.00662602996454;1710410;232628827.773;"2016-06-20T23:59:59.999Z"
"2016-06-19T00:00:00.000Z";"2016-06-19T23:59:59.999Z";"2016-06-19T14:19:02.000Z";"2016-06-19T04:14:02.000Z";"2781";0.00658475002274;0.00698008015752;0.00656139990315;0.00681251985952;2413110;239176179.67;"2016-06-19T23:59:59.999Z"
"2016-06-18T00:00:00.000Z";"2016-06-18T23:59:59.999Z";"2016-06-18T01:29:02.000Z";"2016-06-18T16:39:02.000Z";"2781";0.00669335015118;0.00670527014881;0.00652887998149;0.00660402001813;1190870;231856093.496;"2016-06-18T23:59:59.999Z"
"2016-06-17T00:00:00.000Z";"2016-06-17T23:59:59.999Z";"2016-06-17T03:29:02.000Z";"2016-06-17T09:24:02.000Z";"2781";0.00668057985604;0.00676965015009;0.00663706986234;0.00669322023168;2143830;234987756.262;"2016-06-17T23:59:59.999Z"
"2016-06-16T00:00:00.000Z";"2016-06-16T23:59:59.999Z";"2016-06-16T00:39:02.000Z";"2016-06-16T21:09:02.000Z";"2781";0.00688853021711;0.0069182398729;0.006623969879;0.00667619006708;3072370;234389861.454;"2016-06-16T23:59:59.999Z"
"2016-06-15T00:00:00.000Z";"2016-06-15T23:59:59.999Z";"2016-06-15T06:29:02.000Z";"2016-06-15T22:34:02.000Z";"2781";0.00709277018905;0.00716634979472;0.00687120994553;0.00688670016825;3269290;240130134.851;"2016-06-15T23:59:59.999Z"
"2016-06-14T00:00:00.000Z";"2016-06-14T23:59:59.999Z";"2016-06-14T07:19:03.000Z";"2016-06-14T02:09:02.000Z";"2781";0.00582777010277;0.00757664022967;0.00579799991101;0.00710518984124;9904250;247748592.627;"2016-06-14T23:59:59.999Z"
"2016-06-13T00:00:00.000Z";"2016-06-13T23:59:59.999Z";"2016-06-13T06:19:03.000Z";"2016-06-13T15:49:02.000Z";"2781";0.00585243012756;0.00585555983707;0.00576453004032;0.0058239097707;1537720;203072051.006;"2016-06-13T23:59:59.999Z"
"2016-06-12T00:00:00.000Z";"2016-06-12T23:59:59.999Z";"2016-06-12T23:09:02.000Z";"2016-06-12T01:39:02.000Z";"2781";0.00576615007594;0.00588455982506;0.00574663002044;0.00585201987997;1133540;204052209.585;"2016-06-12T23:59:59.999Z"
"2016-06-11T00:00:00.000Z";"2016-06-11T23:59:59.999Z";"2016-06-11T23:59:02.000Z";"2016-06-11T21:59:02.000Z";"2781";0.00573685998097;0.00576592981815;0.00572165008634;0.00576592981815;398757;201050364.97;"2016-06-11T23:59:59.999Z"
"2016-06-10T00:00:00.000Z";"2016-06-10T23:59:59.999Z";"2016-06-10T00:29:02.000Z";"2016-06-10T12:04:02.000Z";"2781";0.00578477000818;0.00578765990213;0.00573209999129;0.00573610980064;526917;200010580.949;"2016-06-10T23:59:59.999Z"
"2016-06-09T00:00:00.000Z";"2016-06-09T23:59:59.999Z";"2016-06-09T23:29:02.000Z";"2016-06-09T01:39:02.000Z";"2781";0.00576859014109;0.00578919006512;0.00575025007129;0.00578755978495;520793;201804574.507;"2016-06-09T23:59:59.999Z"
"2016-06-08T00:00:00.000Z";"2016-06-08T23:59:59.999Z";"2016-06-08T00:44:02.000Z";"2016-06-08T15:24:02.000Z";"2781";0.00577992992476;0.00578464986756;0.00575290992856;0.00577044021338;754945;201207622.715;"2016-06-08T23:59:59.999Z"
"2016-06-07T00:00:00.000Z";"2016-06-07T23:59:59.999Z";"2016-06-07T11:04:02.000Z";"2016-06-07T04:29:02.000Z";"2781";0.00576448999345;0.00578653020784;0.00575311016291;0.00577961979434;783409;201527717.192;"2016-06-07T23:59:59.999Z"
"2016-06-06T00:00:00.000Z";"2016-06-06T23:59:59.999Z";"2016-06-06T00:34:01.000Z";"2016-06-06T12:24:03.000Z";"2781";0.00579462014139;0.00580018013716;0.0057512097992;0.0057692299597;690096;201165431.613;"2016-06-06T23:59:59.999Z"
"2016-06-05T00:00:00.000Z";"2016-06-05T23:59:59.999Z";"2016-06-05T12:49:02.000Z";"2016-06-05T00:04:02.000Z";"2781";0.00577864004299;0.0058197597973;0.00577864004299;0.00579584017396;544201;202093287.173;"2016-06-05T23:59:59.999Z"
"2016-06-04T00:00:00.000Z";"2016-06-04T23:59:59.999Z";"2016-06-04T09:59:02.000Z";"2016-06-04T17:24:02.000Z";"2781";0.00582851003855;0.00588181009516;0.00575499003753;0.00578017998487;617159;201547243.653;"2016-06-04T23:59:59.999Z"
"2016-06-03T00:00:00.000Z";"2016-06-03T23:59:59.999Z";"2016-06-03T20:54:02.000Z";"2016-06-03T07:39:02.000Z";"2781";0.00576625019312;0.00587044004351;0.00574085023254;0.00582659011707;437813;203165499.066;"2016-06-03T23:59:59.999Z"
"2016-06-02T00:00:00.000Z";"2016-06-02T23:59:59.999Z";"2016-06-02T06:14:02.000Z";"2016-06-02T19:59:02.000Z";"2781";0.00580919021741;0.00581547990441;0.00575665012002;0.00576560990885;611429;201039206.993;"2016-06-02T23:59:59.999Z"
"2016-06-01T00:00:00.000Z";"2016-06-01T23:59:59.999Z";"2016-06-01T23:44:02.000Z";"2016-06-01T03:24:02.000Z";"2781";0.00570093980059;0.00581181980669;0.00568987987936;0.0058093899861;1018470;202565757.78;"2016-06-01T23:59:59.999Z"
"2016-05-31T00:00:00.000Z";"2016-05-31T23:59:59.999Z";"2016-05-31T01:29:02.000Z";"2016-05-31T21:09:26.000Z";"2781";0.00574614014477;0.00575773976743;0.00568915018812;0.00570615986362;847636;198966263.999;"2016-05-31T23:59:59.999Z"
"2016-05-30T00:00:00.000Z";"2016-05-30T23:59:59.999Z";"2016-05-30T20:09:03.000Z";"2016-05-30T00:59:03.000Z";"2781";0.00566445011646;0.0057713300921;0.00564451003447;0.00574818020687;476095;200431445.91;"2016-05-30T23:59:59.999Z"
"2016-05-29T00:00:00.000Z";"2016-05-29T23:59:59.999Z";"2016-05-29T19:19:03.000Z";"2016-05-29T10:29:03.000Z";"2781";0.00568185001612;0.00572862988338;0.00561353005469;0.00566249992698;829452;197443897.454;"2016-05-29T23:59:59.999Z"
"2016-05-28T00:00:00.000Z";"2016-05-28T23:59:59.999Z";"2016-05-28T07:19:03.000Z";"2016-05-28T19:24:03.000Z";"2781";0.00567641016096;0.0057376800105;0.00565931992605;0.0056816698052;889921;198112330.039;"2016-05-28T23:59:59.999Z"
"2016-05-27T00:00:00.000Z";"2016-05-27T23:59:59.999Z";"2016-05-27T15:04:02.000Z";"2016-05-27T08:59:02.000Z";"2781";0.00566972978413;0.00570596987382;0.00565004022792;0.00567921996117;1073760;198026901.774;"2016-05-27T23:59:59.999Z"
"2016-05-26T00:00:00.000Z";"2016-05-26T23:59:59.999Z";"2016-05-26T00:04:02.000Z";"2016-05-26T18:49:03.000Z";"2781";0.00575749995187;0.00575749995187;0.00564061990008;0.00566894002259;678744;197668451.749;"2016-05-26T23:59:59.999Z"
"2016-05-25T00:00:00.000Z";"2016-05-25T23:59:59.999Z";"2016-05-25T01:54:03.000Z";"2016-05-25T22:44:03.000Z";"2781";0.00596192991361;0.00596533017233;0.00575442006811;0.00575596000999;517124;200702724.236;"2016-05-25T23:59:59.999Z"
"2016-05-24T00:00:00.000Z";"2016-05-24T23:59:59.999Z";"2016-05-24T20:54:03.000Z";"2016-05-24T04:59:03.000Z";"2781";0.00591110019013;0.00596428010613;0.00589790986851;0.00596184004098;471659;207881487.964;"2016-05-24T23:59:59.999Z"
"2016-05-23T00:00:00.000Z";"2016-05-23T23:59:59.999Z";"2016-05-23T00:09:03.000Z";"2016-05-23T22:34:02.000Z";"2781";0.00593499979004;0.00593621982262;0.00590500002727;0.00590908993036;507430;206042165.122;"2016-05-23T23:59:59.999Z"
"2016-05-22T00:00:00.000Z";"2016-05-22T23:59:59.999Z";"2016-05-22T01:09:04.000Z";"2016-05-22T23:54:03.000Z";"2781";0.00598919996992;0.00599180022255;0.00593273015693;0.00593629991636;273758;206990941.89;"2016-05-22T23:59:59.999Z"
"2016-05-21T00:00:00.000Z";"2016-05-21T23:59:59.999Z";"2016-05-21T05:34:03.000Z";"2016-05-21T21:34:03.000Z";"2781";0.00608986988664;0.00609820988029;0.00598766980693;0.00598970009014;217884;208852929.374;"2016-05-21T23:59:59.999Z"
"2016-05-20T00:00:00.000Z";"2016-05-20T23:59:59.999Z";"2016-05-20T21:59:03.000Z";"2016-05-20T04:39:03.000Z";"2781";0.00602769013494;0.006084010005;0.00602017017081;0.00608377996832;549413;212133374.737;"2016-05-20T23:59:59.999Z"
"2016-05-19T00:00:00.000Z";"2016-05-19T23:59:59.999Z";"2016-05-19T23:39:04.000Z";"2016-05-19T20:24:03.000Z";"2781";0.00602455018088;0.00604208977893;0.00598848983645;0.00603216979653;797005;210333802.19;"2016-05-19T23:59:59.999Z"
"2016-05-18T00:00:00.000Z";"2016-05-18T23:59:59.999Z";"2016-05-18T11:09:03.000Z";"2016-05-18T03:14:03.000Z";"2781";0.00602205004543;0.0060524600558;0.00601556012407;0.00602837000042;701256;210201301.208;"2016-05-18T23:59:59.999Z"
"2016-05-17T00:00:00.000Z";"2016-05-17T23:59:59.999Z";"2016-05-17T10:49:03.000Z";"2016-05-17T00:04:03.000Z";"2781";0.00602215016261;0.00606004009023;0.00602215016261;0.00602320022881;319996;210021030.136;"2016-05-17T23:59:59.999Z"
"2016-05-16T00:00:00.000Z";"2016-05-16T23:59:59.999Z";"2016-05-16T14:24:03.000Z";"2016-05-16T20:19:03.000Z";"2781";0.00606082007289;0.00607004016638;0.00601824000478;0.00602192990482;389621;209976746.913;"2016-05-16T23:59:59.999Z"
"2016-05-15T00:00:00.000Z";"2016-05-15T23:59:59.999Z";"2016-05-15T18:59:03.000Z";"2016-05-15T13:39:02.000Z";"2781";0.00607206998393;0.00607512984425;0.00600566994399;0.00606071017683;304621;211328954.302;"2016-05-15T23:59:59.999Z"
"2016-05-14T00:00:00.000Z";"2016-05-14T23:59:59.999Z";"2016-05-14T00:24:02.000Z";"2016-05-14T21:54:02.000Z";"2781";0.00611073989421;0.00611562980339;0.0060328701511;0.006073419936;274107;211772135.218;"2016-05-14T23:59:59.999Z"
"2016-05-13T00:00:00.000Z";"2016-05-13T23:59:59.999Z";"2016-05-13T07:59:02.000Z";"2016-05-13T19:39:02.000Z";"2781";0.00616652984172;0.0061897598207;0.00610494986176;0.00610942998901;478095;213027756.366;"2016-05-13T23:59:59.999Z"
"2016-05-12T00:00:00.000Z";"2016-05-12T23:59:59.999Z";"2016-05-12T00:04:02.000Z";"2016-05-12T10:04:02.000Z";"2781";0.00618836004287;0.00618836004287;0.00615306012332;0.00616706022993;362896;215037238.363;"2016-05-12T23:59:59.999Z"
"2016-05-11T00:00:00.000Z";"2016-05-11T23:59:59.999Z";"2016-05-11T01:49:02.000Z";"2016-05-11T14:19:02.000Z";"2781";0.00627230992541;0.0062766498886;0.00618589995429;0.00618850020692;476708;215784822.851;"2016-05-11T23:59:59.999Z"
"2016-05-10T00:00:00.000Z";"2016-05-10T23:59:59.999Z";"2016-05-10T01:34:02.000Z";"2016-05-10T23:39:02.000Z";"2781";0.0063986601308;0.00639927992597;0.0062698898837;0.00627243006602;404295;218711351.118;"2016-05-10T23:59:59.999Z"
"2016-05-09T00:00:00.000Z";"2016-05-09T23:59:59.999Z";"2016-05-09T03:04:02.000Z";"2016-05-09T12:09:02.000Z";"2781";0.00640241010115;0.00640727998689;0.00638594012707;0.00639879982919;351209;223117706.141;"2016-05-09T23:59:59.999Z"
"2016-05-08T00:00:00.000Z";"2016-05-08T23:59:59.999Z";"2016-05-08T02:29:02.000Z";"2016-05-08T23:44:02.000Z";"2781";0.00648987013847;0.00649233022705;0.00640332978219;0.00640384014696;389914;223293444.286;"2016-05-08T23:59:59.999Z"
"2016-05-07T00:00:00.000Z";"2016-05-07T23:59:59.999Z";"2016-05-07T19:04:03.000Z";"2016-05-07T00:04:02.000Z";"2781";0.00639535021037;0.00649581989273;0.00639535021037;0.00648958981037;351537;226283433.55;"2016-05-07T23:59:59.999Z"
"2016-05-06T00:00:00.000Z";"2016-05-06T23:59:59.999Z";"2016-05-06T23:39:02.000Z";"2016-05-06T01:59:02.000Z";"2781";0.00619773007929;0.00639971997589;0.00618802988902;0.00639858003706;680334;223110035.032;"2016-05-06T23:59:59.999Z"
"2016-05-05T00:00:00.000Z";"2016-05-05T23:59:59.999Z";"2016-05-05T01:14:02.000Z";"2016-05-05T10:39:02.000Z";"2781";0.00632301997393;0.00632411008701;0.00618737004697;0.00619272980839;509188;215932317.365;"2016-05-05T23:59:59.999Z"
"2016-05-04T00:00:00.000Z";"2016-05-04T23:59:59.999Z";"2016-05-04T00:19:02.000Z";"2016-05-04T21:39:02.000Z";"2781";0.00655760988593;0.00655981013551;0.00630659982562;0.00632278015837;563556;220466989.129;"2016-05-04T23:59:59.999Z"
"2016-05-03T00:00:00.000Z";"2016-05-03T23:59:59.999Z";"2016-05-03T00:09:02.000Z";"2016-05-03T23:54:03.000Z";"2781";0.00671639991924;0.00671658013016;0.00655528018251;0.00656000012532;329125;228738537.271;"2016-05-03T23:59:59.999Z"
"2016-05-02T00:00:00.000Z";"2016-05-02T23:59:59.999Z";"2016-05-02T00:54:02.000Z";"2016-05-02T23:54:01.000Z";"2781";0.00679098023102;0.0068025700748;0.00671220012009;0.00671410979703;585826;234112149.463;"2016-05-02T23:59:59.999Z"
"2016-05-01T00:00:00.000Z";"2016-05-01T23:59:59.999Z";"2016-05-01T00:44:02.000Z";"2016-05-01T13:24:02.000Z";"2781";0.00681177014485;0.00681910011917;0.00678905984387;0.00679130014032;241733;236803662.83;"2016-05-01T23:59:59.999Z"
"2016-04-30T00:00:00.000Z";"2016-04-30T23:59:59.999Z";"2016-04-30T15:44:02.000Z";"2016-04-30T00:29:02.000Z";"2781";0.00676127010956;0.0068486998789;0.00676108011976;0.00681186001748;406123;237520562.88;"2016-04-30T23:59:59.999Z"
"2016-04-29T00:00:00.000Z";"2016-04-29T23:59:59.999Z";"2016-04-29T23:54:02.000Z";"2016-04-29T02:04:02.000Z";"2781";0.00668851984665;0.00675948010758;0.00667109992355;0.00675929011777;538253;235687516.401;"2016-04-29T23:59:59.999Z"
"2016-04-28T00:00:00.000Z";"2016-04-28T23:59:59.999Z";"2016-04-28T00:24:01.000Z";"2016-04-28T14:54:03.000Z";"2781";0.00672041019425;0.00672444980592;0.00666637998074;0.0066864201799;752872;233146635.728;"2016-04-28T23:59:59.999Z"
"2016-04-27T00:00:00.000Z";"2016-04-27T23:59:59.999Z";"2016-04-27T00:04:02.000Z";"2016-04-27T23:59:02.000Z";"2781";0.00709385983646;0.00709385983646;0.00672469986603;0.00672469986603;797081;234481408.778;"2016-04-27T23:59:59.999Z"
"2016-04-26T00:00:00.000Z";"2016-04-26T23:59:59.999Z";"2016-04-26T01:44:02.000Z";"2016-04-26T23:59:02.000Z";"2781";0.00727907987311;0.00729326996952;0.00709522981197;0.00709522981197;884879;247401300.579;"2016-04-26T23:59:59.999Z"
"2016-04-25T00:00:00.000Z";"2016-04-25T23:59:59.999Z";"2016-04-25T22:29:02.000Z";"2016-04-25T11:29:02.000Z";"2781";0.00725015997887;0.00730841979384;0.00723377009854;0.00728307012469;605219;253951033.329;"2016-04-25T23:59:59.999Z"
"2016-04-24T00:00:00.000Z";"2016-04-24T23:59:59.999Z";"2016-04-24T00:49:01.000Z";"2016-04-24T15:29:02.000Z";"2781";0.00734421983361;0.00734956003726;0.00722345989197;0.00725138979033;472274;252846393.564;"2016-04-24T23:59:59.999Z"
"2016-04-23T00:00:00.000Z";"2016-04-23T23:59:59.999Z";"2016-04-23T07:49:03.000Z";"2016-04-23T00:04:02.000Z";"2781";0.00728231016546;0.00736472010612;0.00728231016546;0.00734644010663;345650;256160661.547;"2016-04-23T23:59:59.999Z"
"2016-04-22T00:00:00.000Z";"2016-04-22T23:59:59.999Z";"2016-04-22T00:04:02.000Z";"2016-04-22T21:54:02.000Z";"2781";0.00743902986869;0.00743902986869;0.00727500021458;0.00728383986279;955674;253977882.212;"2016-04-22T23:59:59.999Z"
"2016-04-21T00:00:00.000Z";"2016-04-21T23:59:59.999Z";"2016-04-21T14:59:02.000Z";"2016-04-21T00:04:02.000Z";"2781";0.00726462993771;0.00753646017984;0.00726462993771;0.00743344984949;1011580;259194585.347;"2016-04-21T23:59:59.999Z"
"2016-04-20T00:00:00.000Z";"2016-04-20T23:59:59.999Z";"2016-04-20T16:14:03.000Z";"2016-04-20T08:54:03.000Z";"2781";0.00711727980524;0.00725851021707;0.00701930001378;0.00724407983944;1301350;252591503.517;"2016-04-20T23:59:59.999Z"
"2016-04-19T00:00:00.000Z";"2016-04-19T23:59:59.999Z";"2016-04-19T23:54:02.000Z";"2016-04-19T00:09:03.000Z";"2781";0.00698659010231;0.00715713994578;0.00698156002909;0.00711834011599;426257;248207115.762;"2016-04-19T23:59:59.999Z"
"2016-04-18T00:00:00.000Z";"2016-04-18T23:59:59.999Z";"2016-04-18T08:09:02.000Z";"2016-04-18T00:04:01.000Z";"2781";0.00650276010856;0.00719439005479;0.00650276010856;0.00698693003505;1066190;243625022.593;"2016-04-18T23:59:59.999Z"
"2016-04-17T00:00:00.000Z";"2016-04-17T23:59:59.999Z";"2016-04-17T05:34:01.000Z";"2016-04-17T10:24:02.000Z";"2781";0.00649861013517;0.00660528009757;0.00648802006617;0.00649920990691;54781.5;226618870.246;"2016-04-17T23:59:59.999Z"
"2016-04-16T00:00:00.000Z";"2016-04-16T23:59:59.999Z";"2016-04-16T23:59:01.000Z";"2016-04-16T01:24:02.000Z";"2781";0.0064210598357;0.0065100598149;0.00627586990595;0.0065100598149;70486.9;226997195.418;"2016-04-16T23:59:59.999Z"
"2016-04-15T00:00:00.000Z";"2016-04-15T23:59:59.999Z";"2016-04-15T09:09:02.000Z";"2016-04-15T00:24:02.000Z";"2781";0.00630349013954;0.00647277990356;0.00622869003564;0.00642381003127;156069;221235183.662;"2016-04-15T23:59:59.999Z"
"2016-04-14T00:00:00.000Z";"2016-04-14T23:59:59.999Z";"2016-04-14T23:14:02.000Z";"2016-04-14T09:44:02.000Z";"2781";0.00569674978033;0.00635159993544;0.0056933099404;0.00628858990967;192592;216578224.391;"2016-04-14T23:59:59.999Z"
"2016-04-13T00:00:00.000Z";"2016-04-13T23:59:59.999Z";"2016-04-13T00:04:02.000Z";"2016-04-13T13:54:02.000Z";"2781";0.00588446995243;0.00588446995243;0.00568524980918;0.0056946799159;1384420;196124040.982;"2016-04-13T23:59:59.999Z"
"2016-04-12T00:00:00.000Z";"2016-04-12T23:59:59.999Z";"2016-04-12T04:54:02.000Z";"2016-04-12T21:44:02.000Z";"2781";0.00604839017615;0.00608217017725;0.00587290991098;0.00588507996872;1085670;202681392.299;"2016-04-12T23:59:59.999Z"
"2016-04-11T00:00:00.000Z";"2016-04-11T23:59:59.999Z";"2016-04-11T23:29:02.000Z";"2016-04-11T04:24:03.000Z";"2781";0.00593713996932;0.00607112981379;0.00588265992701;0.00604825979099;1871520;208301290.346;"2016-04-11T23:59:59.999Z"
"2016-04-10T00:00:00.000Z";"2016-04-10T23:59:59.999Z";"2016-04-10T01:44:02.000Z";"2016-04-10T23:34:02.000Z";"2781";0.00628858013079;0.006295400206;0.00592378014699;0.00593697000295;774554;204468477.173;"2016-04-10T23:59:59.999Z"
"2016-04-09T00:00:00.000Z";"2016-04-09T23:59:59.999Z";"2016-04-09T00:14:03.000Z";"2016-04-09T23:44:02.000Z";"2781";0.00667377980426;0.00667872000486;0.0062870499678;0.00628761993721;1032700;216544817.717;"2016-04-09T23:59:59.999Z"
"2016-04-08T00:00:00.000Z";"2016-04-08T23:59:59.999Z";"2016-04-08T00:49:02.000Z";"2016-04-08T21:49:02.000Z";"2781";0.00687464978546;0.00687489006668;0.00665660994127;0.0066707697697;859428;229740454.048;"2016-04-08T23:59:59.999Z"
"2016-04-07T00:00:00.000Z";"2016-04-07T23:59:59.999Z";"2016-04-07T00:29:02.000Z";"2016-04-07T23:54:02.000Z";"2781";0.00730754993856;0.00730929011479;0.00687501998618;0.00687548983842;1450030;236790984.31;"2016-04-07T23:59:59.999Z"
"2016-04-06T00:00:00.000Z";"2016-04-06T23:59:59.999Z";"2016-04-06T00:24:02.000Z";"2016-04-06T23:59:03.000Z";"2781";0.00746684009209;0.00746838003397;0.00729617988691;0.00729617988691;796790;251279493.374;"2016-04-06T23:59:59.999Z"
"2016-04-05T00:00:00.000Z";"2016-04-05T23:59:59.999Z";"2016-04-05T00:44:03.000Z";"2016-04-05T22:09:03.000Z";"2781";0.00748786982149;0.00751604977995;0.00745109980926;0.0074741798453;464037;257409790.3;"2016-04-05T23:59:59.999Z"
"2016-04-04T00:00:00.000Z";"2016-04-04T23:59:59.999Z";"2016-04-04T09:59:02.000Z";"2016-04-04T15:29:02.000Z";"2781";0.00750249996781;0.00751469004899;0.0074834600091;0.00749112013727;300359;257993201.704;"2016-04-04T23:59:59.999Z"
"2016-04-03T00:00:00.000Z";"2016-04-03T23:59:59.999Z";"2016-04-03T06:09:02.000Z";"2016-04-03T01:44:02.000Z";"2781";0.00750374002382;0.0075334799476;0.00749234994873;0.00750266993418;250112;258390982.206;"2016-04-03T23:59:59.999Z"
"2016-04-02T00:00:00.000Z";"2016-04-02T23:59:59.999Z";"2016-04-02T19:04:03.000Z";"2016-04-02T04:39:02.000Z";"2781";0.00741768022999;0.00750532001257;0.0074097700417;0.00750129995868;390399;258343799.584;"2016-04-02T23:59:59.999Z"
"2016-04-01T00:00:00.000Z";"2016-04-01T23:59:59.999Z";"2016-04-01T05:19:03.000Z";"2016-04-01T00:04:02.000Z";"2781";0.00739102018997;0.00747983995825;0.00739102018997;0.00741781014949;827273;255468414.807;"2016-04-01T23:59:59.999Z"
"2016-03-31T00:00:00.000Z";"2016-03-31T23:59:59.999Z";"2016-03-31T23:19:02.000Z";"2016-03-31T04:04:03.000Z";"2781";0.00733229005709;0.00739239016548;0.00727385981008;0.00739147979766;1036210;254561613.02;"2016-03-31T23:59:59.999Z"
"2016-03-30T00:00:00.000Z";"2016-03-30T23:59:59.999Z";"2016-03-30T02:09:02.000Z";"2016-03-30T23:49:02.000Z";"2781";0.00756789976731;0.00759492022917;0.007326960098;0.00733185978606;1210630;252508307.949;"2016-03-30T23:59:59.999Z"
"2016-03-29T00:00:00.000Z";"2016-03-29T23:59:59.999Z";"2016-03-29T04:49:03.000Z";"2016-03-29T16:09:02.000Z";"2781";0.00757307000458;0.00760545022786;0.00739669986069;0.0075656902045;1116900;260561382.837;"2016-03-29T23:59:59.999Z"
"2016-03-28T00:00:00.000Z";"2016-03-28T23:59:59.999Z";"2016-03-28T00:39:02.000Z";"2016-03-28T18:54:07.000Z";"2781";0.00802513957024;0.00803173985332;0.00746652018279;0.00756363011897;2114600;260490436.704;"2016-03-28T23:59:59.999Z"
"2016-03-27T00:00:00.000Z";"2016-03-27T23:59:59.999Z";"2016-03-27T16:34:03.000Z";"2016-03-27T22:54:02.000Z";"2781";0.00806162040681;0.00808074977249;0.00800450984389;0.00802863016725;418222;276504976.425;"2016-03-27T23:59:59.999Z"
"2016-03-26T00:00:00.000Z";"2016-03-26T23:59:59.999Z";"2016-03-26T02:09:02.000Z";"2016-03-26T23:44:02.000Z";"2781";0.00818988960236;0.00819685030729;0.00805325992405;0.00806559994817;309664;277778218.432;"2016-03-26T23:59:59.999Z"
"2016-03-25T00:00:00.000Z";"2016-03-25T23:59:59.999Z";"2016-03-25T00:59:02.000Z";"2016-03-25T18:59:03.000Z";"2781";0.00823421031237;0.00827249977738;0.00819086004049;0.00819107983261;753671;282099733.366;"2016-03-25T23:59:59.999Z"
"2016-03-24T00:00:00.000Z";"2016-03-24T23:59:59.999Z";"2016-03-24T00:44:01.000Z";"2016-03-24T23:39:03.000Z";"2781";0.00833513960242;0.00834451988339;0.00822857953608;0.00823030993342;965196;283450809.48;"2016-03-24T23:59:59.999Z"
"2016-03-23T00:00:00.000Z";"2016-03-23T23:59:59.999Z";"2016-03-23T20:09:02.000Z";"2016-03-23T00:14:02.000Z";"2781";0.00810930039734;0.00833479966968;0.00810568034649;0.00833151955158;1022850;286936468.76;"2016-03-23T23:59:59.999Z"
"2016-03-22T00:00:00.000Z";"2016-03-22T23:59:59.999Z";"2016-03-22T10:09:02.000Z";"2016-03-22T00:09:03.000Z";"2781";0.00802785996348;0.00821489002556;0.00802539009601;0.00811002030969;604214;279308037.474;"2016-03-22T23:59:59.999Z"
"2016-03-21T00:00:00.000Z";"2016-03-21T23:59:59.999Z";"2016-03-21T16:39:02.000Z";"2016-03-21T05:29:02.000Z";"2781";0.00795643031597;0.00807906035334;0.00788034964353;0.00804707966745;79784.3;277140392.033;"2016-03-21T23:59:59.999Z"
"2016-03-20T00:00:00.000Z";"2016-03-20T23:59:59.999Z";"2016-03-20T15:44:02.000Z";"2016-03-20T01:14:02.000Z";"2781";0.00801471993327;0.00804555974901;0.00787207018584;0.00795972999185;115984;274132069.356;"2016-03-20T23:59:59.999Z"
"2016-03-19T00:00:00.000Z";"2016-03-19T23:59:59.999Z";"2016-03-19T03:34:02.000Z";"2016-03-19T14:19:02.000Z";"2781";0.00812353007495;0.00815986003727;0.00789360981435;0.00801562983543;164010;276057258.11;"2016-03-19T23:59:59.999Z"
"2016-03-18T00:00:00.000Z";"2016-03-18T23:59:59.999Z";"2016-03-18T07:39:01.000Z";"2016-03-18T13:49:01.000Z";"2781";0.0082839904353;0.0083557004109;0.0080125099048;0.00811925996095;229313;279626261.876;"2016-03-18T23:59:59.999Z"
"2016-03-17T00:00:00.000Z";"2016-03-17T23:59:59.999Z";"2016-03-17T07:24:02.000Z";"2016-03-17T01:39:02.000Z";"2781";0.00818249955773;0.00840053986758;0.00816224981099;0.00828658044338;176475;285388740.986;"2016-03-17T23:59:59.999Z"
"2016-03-16T00:00:00.000Z";"2016-03-16T23:59:59.999Z";"2016-03-16T10:14:02.000Z";"2016-03-16T21:59:02.000Z";"2781";0.00818525999784;0.00832546968013;0.00811455957592;0.00817845016718;219047;281664757.803;"2016-03-16T23:59:59.999Z"
"2016-03-15T00:00:00.000Z";"2016-03-15T23:59:59.999Z";"2016-03-15T02:39:02.000Z";"2016-03-15T22:44:02.000Z";"2781";0.00847783032805;0.00849539972842;0.00803473964334;0.0081857200712;284572;279058081.757;"2016-03-15T23:59:59.999Z"
"2016-03-14T00:00:00.000Z";"2016-03-14T23:59:59.999Z";"2016-03-14T00:14:01.000Z";"2016-03-14T21:24:01.000Z";"2781";0.00862365961075;0.00862812995911;0.00847203005105;0.00847896002233;846750;289054880.071;"2016-03-14T23:59:59.999Z"
"2016-03-13T00:00:00.000Z";"2016-03-13T23:59:59.999Z";"2016-03-13T00:09:01.000Z";"2016-03-13T03:14:01.000Z";"2781";0.00869819987565;0.0087032597512;0.00857902970165;0.00863523967564;860868;294382596.756;"2016-03-13T23:59:59.999Z"
"2016-03-12T00:00:00.000Z";"2016-03-12T23:59:59.999Z";"2016-03-12T01:39:03.000Z";"2016-03-12T21:04:01.000Z";"2781";0.00880123022944;0.00899328012019;0.00861121993512;0.00870025996119;1536850;296599183.259;"2016-03-12T23:59:59.999Z"
"2016-03-11T00:00:00.000Z";"2016-03-11T23:59:59.999Z";"2016-03-11T13:14:02.000Z";"2016-03-11T00:04:01.000Z";"2781";0.00818345975131;0.00892025977373;0.00818345975131;0.0088027799502;2831220;300094176.313;"2016-03-11T23:59:59.999Z"
"2016-03-10T00:00:00.000Z";"2016-03-10T23:59:59.999Z";"2016-03-10T23:34:02.000Z";"2016-03-10T02:49:01.000Z";"2781";0.00805141031742;0.00820553023368;0.00804455019534;0.00819045025855;1348660;279219331.437;"2016-03-10T23:59:59.999Z"
"2016-03-09T00:00:00.000Z";"2016-03-09T23:59:59.999Z";"2016-03-09T23:09:02.000Z";"2016-03-09T00:34:01.000Z";"2781";0.00795144028962;0.00809434987605;0.0079407999292;0.00805628020316;396527;274645363.255;"2016-03-09T23:59:59.999Z"
"2016-03-08T00:00:00.000Z";"2016-03-08T23:59:59.999Z";"2016-03-08T20:14:03.000Z";"2016-03-08T01:34:02.000Z";"2781";0.0079105598852;0.00797753967345;0.00789461005479;0.00794936995953;655974;271000711.407;"2016-03-08T23:59:59.999Z"
"2016-03-07T00:00:00.000Z";"2016-03-07T23:59:59.999Z";"2016-03-07T19:09:02.000Z";"2016-03-07T00:39:02.000Z";"2781";0.00783461984247;0.00797860976309;0.00783076975495;0.00791760999709;587059;269917986.286;"2016-03-07T23:59:59.999Z"
"2016-03-06T00:00:00.000Z";"2016-03-06T23:59:59.999Z";"2016-03-06T19:29:15.000Z";"2016-03-06T00:19:01.000Z";"2781";0.00785658042878;0.0079103698954;0.00780064985156;0.00785955041647;569577;267938672.038;"2016-03-06T23:59:59.999Z"
"2016-03-05T00:00:00.000Z";"2016-03-05T23:59:59.999Z";"2016-03-05T00:49:02.000Z";"2016-03-05T23:34:01.000Z";"2781";0.00811653956771;0.00817606970668;0.00782376993448;0.00787791982293;1148690;268564920.793;"2016-03-05T23:59:59.999Z"
"2016-03-04T00:00:00.000Z";"2016-03-04T23:59:59.999Z";"2016-03-04T22:54:02.000Z";"2016-03-04T00:09:02.000Z";"2781";0.00803599040955;0.00821951031685;0.00803302042186;0.00809602998197;567974;276000474.198;"2016-03-04T23:59:59.999Z"
"2016-03-03T00:00:00.000Z";"2016-03-03T23:59:59.999Z";"2016-03-03T21:19:02.000Z";"2016-03-03T16:49:03.000Z";"2781";0.00802775006741;0.00821528024971;0.00799273978919;0.00816162023693;685240;278236492.481;"2016-03-03T23:59:59.999Z"
"2016-03-02T00:00:00.000Z";"2016-03-02T23:59:59.999Z";"2016-03-02T22:29:02.000Z";"2016-03-02T14:24:03.000Z";"2781";0.00800496991724;0.00805537030101;0.00797977019101;0.00803017988801;409388;273755592.296;"2016-03-02T23:59:59.999Z"
"2016-03-01T00:00:00.000Z";"2016-03-01T23:59:59.999Z";"2016-03-01T23:24:01.000Z";"2016-03-01T00:04:01.000Z";"2781";0.0079225897789;0.00801996979862;0.0079225897789;0.00800566002727;738772;272919684.866;"2016-03-01T23:59:59.999Z"
"2016-02-29T00:00:00.000Z";"2016-02-29T23:59:59.999Z";"2016-02-29T23:04:02.000Z";"2016-02-29T15:54:02.000Z";"2781";0.00789509993047;0.00793767999858;0.00782265979797;0.00792255997658;689215;270086735.951;"2016-02-29T23:59:59.999Z"
"2016-02-28T00:00:00.000Z";"2016-02-28T23:59:59.999Z";"2016-02-28T00:24:01.000Z";"2016-02-28T11:09:02.000Z";"2781";0.00797696039081;0.007986869663;0.00785376038402;0.00788890011609;570935;268939238.231;"2016-02-28T23:59:59.999Z"
"2016-02-27T00:00:00.000Z";"2016-02-27T23:59:59.999Z";"2016-02-27T00:24:02.000Z";"2016-02-27T23:59:01.000Z";"2781";0.00806322973222;0.00807719025761;0.00797223020345;0.00797223020345;417576;271780028.04;"2016-02-27T23:59:59.999Z"
"2016-02-26T00:00:00.000Z";"2016-02-26T23:59:59.999Z";"2016-02-26T23:59:02.000Z";"2016-02-26T01:29:01.000Z";"2781";0.00802505016327;0.00805792957544;0.00801439024508;0.00805792957544;579986;274701613.143;"2016-02-26T23:59:59.999Z"
"2016-02-25T00:00:00.000Z";"2016-02-25T23:59:59.999Z";"2016-02-25T04:49:02.000Z";"2016-02-25T18:39:02.000Z";"2781";0.00806325022131;0.0080758202821;0.00801478978246;0.00802734959871;825297;273659115.215;"2016-02-25T23:59:59.999Z"
"2016-02-24T00:00:00.000Z";"2016-02-24T23:59:59.999Z";"2016-02-24T23:54:02.000Z";"2016-02-24T06:09:03.000Z";"2781";0.00797118991613;0.00807701982558;0.0079511301592;0.00807609036565;473097;275320702.821;"2016-02-24T23:59:59.999Z"
"2016-02-23T00:00:00.000Z";"2016-02-23T23:59:59.999Z";"2016-02-23T01:04:02.000Z";"2016-02-23T19:04:20.000Z";"2781";0.00805468019098;0.00807029008865;0.00795422960073;0.00796968955547;807140;271693437.303;"2016-02-23T23:59:59.999Z"
"2016-02-22T00:00:00.000Z";"2016-02-22T23:59:59.999Z";"2016-02-22T00:09:02.000Z";"2016-02-22T05:09:03.000Z";"2781";0.00810022000223;0.00810043979436;0.00803969986737;0.00805031042546;607198;274441840.932;"2016-02-22T23:59:59.999Z"
"2016-02-21T00:00:00.000Z";"2016-02-21T23:59:59.999Z";"2016-02-21T08:24:02.000Z";"2016-02-21T14:44:03.000Z";"2781";0.0082461098209;0.00828221999109;0.00806680042297;0.00810031965375;472569;276146723.907;"2016-02-21T23:59:59.999Z"
"2016-02-20T00:00:00.000Z";"2016-02-20T23:59:59.999Z";"2016-02-20T11:44:01.000Z";"2016-02-20T03:54:02.000Z";"2781";0.0082532800734;0.00837498996407;0.00822046026587;0.00825260020792;515312;281338077.226;"2016-02-20T23:59:59.999Z"
"2016-02-19T00:00:00.000Z";"2016-02-19T23:59:59.999Z";"2016-02-19T23:24:03.000Z";"2016-02-19T00:04:02.000Z";"2781";0.0079942503944;0.0082516502589;0.0079942503944;0.00824475008994;710808;281070464.121;"2016-02-19T23:59:59.999Z"
"2016-02-18T00:00:00.000Z";"2016-02-18T23:59:59.999Z";"2016-02-18T00:04:03.000Z";"2016-02-18T17:04:15.000Z";"2781";0.00813545007259;0.00813545007259;0.00789676979184;0.00799529999495;854073;272566503.75;"2016-02-18T23:59:59.999Z"
"2016-02-17T00:00:00.000Z";"2016-02-17T23:59:59.999Z";"2016-02-17T00:19:01.000Z";"2016-02-17T22:34:02.000Z";"2781";0.00845598988235;0.00846072006971;0.00811303965747;0.00813790969551;1556320;277428198.633;"2016-02-17T23:59:59.999Z"
"2016-02-16T00:00:00.000Z";"2016-02-16T23:59:59.999Z";"2016-02-16T01:14:02.000Z";"2016-02-16T21:49:01.000Z";"2781";0.00863085966557;0.00865971017629;0.00843354966491;0.00845088995993;1012220;288097950.155;"2016-02-16T23:59:59.999Z"
"2016-02-15T00:00:00.000Z";"2016-02-15T23:59:59.999Z";"2016-02-15T07:39:03.000Z";"2016-02-15T00:44:03.000Z";"2781";0.00859304983169;0.00865625031292;0.00855948962271;0.00863063987345;734275;294225778.885;"2016-02-15T23:59:59.999Z"
"2016-02-14T00:00:00.000Z";"2016-02-14T23:59:59.999Z";"2016-02-14T11:14:02.000Z";"2016-02-14T00:04:02.000Z";"2781";0.00826323032379;0.00863866042346;0.00826323032379;0.00859006028622;1144830;292842372.544;"2016-02-14T23:59:59.999Z"
"2016-02-13T00:00:00.000Z";"2016-02-13T23:59:59.999Z";"2016-02-13T21:54:01.000Z";"2016-02-13T00:24:03.000Z";"2781";0.00796147994697;0.00831522978842;0.00793654005975;0.00825745984912;684444;281503758.715;"2016-02-13T23:59:59.999Z"
"2016-02-12T00:00:00.000Z";"2016-02-12T23:59:59.999Z";"2016-02-12T23:59:02.000Z";"2016-02-12T02:09:02.000Z";"2781";0.00782219041139;0.0079793902114;0.00773030007258;0.0079793902114;816579;272024118.464;"2016-02-12T23:59:59.999Z"
"2016-02-11T00:00:00.000Z";"2016-02-11T23:59:59.999Z";"2016-02-11T20:49:01.000Z";"2016-02-11T23:39:02.000Z";"2781";0.00785735994577;0.0078969495371;0.00777033017948;0.00781518034637;565522;266426061.408;"2016-02-11T23:59:59.999Z"
"2016-02-10T00:00:00.000Z";"2016-02-10T23:59:59.999Z";"2016-02-10T16:39:03.000Z";"2016-02-10T00:09:03.000Z";"2781";0.00782745983452;0.00794348027557;0.00782009027898;0.00785345956683;668185;267731058.814;"2016-02-10T23:59:59.999Z"
"2016-02-09T00:00:00.000Z";"2016-02-09T23:59:59.999Z";"2016-02-09T01:04:03.000Z";"2016-02-09T14:19:02.000Z";"2781";0.00799947977066;0.00801954045892;0.00773605005816;0.00781541969627;866765;266434243.21;"2016-02-09T23:59:59.999Z"
"2016-02-08T00:00:00.000Z";"2016-02-08T23:59:59.999Z";"2016-02-08T03:09:02.000Z";"2016-02-08T20:39:03.000Z";"2781";0.00837531033903;0.00855076033622;0.00795869994909;0.00799082033336;1048160;272413776.781;"2016-02-08T23:59:59.999Z"
"2016-02-07T00:00:00.000Z";"2016-02-07T23:59:59.999Z";"2016-02-07T14:29:01.000Z";"2016-02-07T00:04:01.000Z";"2781";0.00792365986854;0.00866588018835;0.00792365986854;0.00833814032376;2460140;282831190.996;"2016-02-07T23:59:59.999Z"
"2016-02-06T00:00:00.000Z";"2016-02-06T23:59:59.999Z";"2016-02-06T23:59:03.000Z";"2016-02-06T01:44:03.000Z";"2781";0.00727305002511;0.00792220979929;0.00724687986076;0.00792220979929;1859040;268722771.46;"2016-02-06T23:59:59.999Z"
"2016-02-05T00:00:00.000Z";"2016-02-05T23:59:59.999Z";"2016-02-05T23:24:03.000Z";"2016-02-05T00:14:03.000Z";"2781";0.00696509983391;0.0072719999589;0.0069576902315;0.0072620799765;1186010;246331044.515;"2016-02-05T23:59:59.999Z"
"2016-02-04T00:00:00.000Z";"2016-02-04T23:59:59.999Z";"2016-02-04T21:09:03.000Z";"2016-02-04T10:29:02.000Z";"2781";0.00688192015514;0.00698969978839;0.00685644010082;0.00697046006098;1174600;236439242.276;"2016-02-04T23:59:59.999Z"
"2016-02-03T00:00:00.000Z";"2016-02-03T23:59:59.999Z";"2016-02-03T09:59:03.000Z";"2016-02-03T00:29:02.000Z";"2781";0.00677119009197;0.00690597016364;0.00675965007395;0.00688255997375;803366;233457658.651;"2016-02-03T23:59:59.999Z"
"2016-02-02T00:00:00.000Z";"2016-02-02T23:59:59.999Z";"2016-02-02T22:24:03.000Z";"2016-02-02T00:04:02.000Z";"2781";0.00654541002586;0.00679113017395;0.00654541002586;0.00676826993003;809854;229580921.534;"2016-02-02T23:59:59.999Z"
"2016-02-01T00:00:00.000Z";"2016-02-01T23:59:59.999Z";"2016-02-01T23:44:02.000Z";"2016-02-01T00:19:02.000Z";"2781";0.00639849994332;0.00655139004812;0.00636591995135;0.00654170988128;830380;221895966.061;"2016-02-01T23:59:59.999Z"
"2016-01-31T00:00:00.000Z";"2016-01-31T23:59:59.999Z";"2016-01-31T01:24:02.000Z";"2016-01-31T13:09:03.000Z";"2781";0.00663057994097;0.00663822004572;0.00635940022767;0.00639919005334;977856;217061662.326;"2016-01-31T23:59:59.999Z"
"2016-01-30T00:00:00.000Z";"2016-01-30T23:59:59.999Z";"2016-01-30T09:14:03.000Z";"2016-01-30T15:39:02.000Z";"2781";0.00682388013229;0.00700148008764;0.00661155022681;0.00663407985121;1233320;225029172.881;"2016-01-30T23:59:59.999Z"
"2016-01-29T00:00:00.000Z";"2016-01-29T23:59:59.999Z";"2016-01-29T23:24:02.000Z";"2016-01-29T02:34:01.000Z";"2781";0.0062283501029;0.00690641021356;0.00592197990045;0.00683953985572;2895430;231998412.603;"2016-01-29T23:59:59.999Z"
"2016-01-28T00:00:00.000Z";"2016-01-28T23:59:59.999Z";"2016-01-28T00:04:02.000Z";"2016-01-28T05:29:02.000Z";"2781";0.00650712009519;0.00650712009519;0.00609047012404;0.00622595986351;2203940;211185669.933;"2016-01-28T23:59:59.999Z"
"2016-01-27T00:00:00.000Z";"2016-01-27T23:59:59.999Z";"2016-01-27T22:29:02.000Z";"2016-01-27T00:29:02.000Z";"2781";0.00540834013373;0.00657061021775;0.00540784979239;0.00650588003919;2544770;220680606.092;"2016-01-27T23:59:59.999Z"
"2016-01-26T00:00:00.000Z";"2016-01-26T23:59:59.999Z";"2016-01-26T16:54:03.000Z";"2016-01-26T06:59:02.000Z";"2781";0.00513755017892;0.00547733018175;0.00512452982366;0.00541900005192;904781;183813443.287;"2016-01-26T23:59:59.999Z"
"2016-01-25T00:00:00.000Z";"2016-01-25T23:59:59.999Z";"2016-01-25T00:04:03.000Z";"2016-01-25T02:19:02.000Z";"2781";0.00521815987304;0.00521815987304;0.00506397010759;0.00513465004042;412095;174168240.741;"2016-01-25T23:59:59.999Z"
"2016-01-24T00:00:00.000Z";"2016-01-24T23:59:59.999Z";"2016-01-24T20:24:03.000Z";"2016-01-24T00:09:04.000Z";"2781";0.00512060988694;0.00523725012317;0.00511942012236;0.00521937990561;341789;175044643.238;"2016-01-24T23:59:59.999Z"
"2016-01-23T00:00:00.000Z";"2016-01-23T23:59:59.999Z";"2016-01-23T16:24:04.000Z";"2016-01-23T00:04:02.000Z";"2781";0.00510948011652;0.00519201019779;0.00510948011652;0.00512009020895;310286;171714710.827;"2016-01-23T23:59:59.999Z"
"2016-01-22T00:00:00.000Z";"2016-01-22T23:59:59.999Z";"2016-01-22T00:04:04.000Z";"2016-01-22T20:29:02.000Z";"2781";0.00531393988058;0.00531393988058;0.00509274983779;0.00511437002569;355595;171522876.67;"2016-01-22T23:59:59.999Z"
"2016-01-21T00:00:00.000Z";"2016-01-21T23:59:59.999Z";"2016-01-21T10:44:02.000Z";"2016-01-21T19:09:02.000Z";"2781";0.00537008000538;0.00538505008444;0.00530525995418;0.00531256990507;344950;178169997.265;"2016-01-21T23:59:59.999Z"
"2016-01-20T00:00:00.000Z";"2016-01-20T23:59:59.999Z";"2016-01-20T23:24:03.000Z";"2016-01-20T10:49:04.000Z";"2781";0.00527111999691;0.00539406016469;0.00517788017169;0.00538086984307;722260;180460604.412;"2016-01-20T23:59:59.999Z"
"2016-01-19T00:00:00.000Z";"2016-01-19T23:59:59.999Z";"2016-01-19T00:04:03.000Z";"2016-01-19T15:59:03.000Z";"2781";0.00533040985465;0.00533040985465;0.00526208011433;0.00527071021497;226472;176766120.029;"2016-01-19T23:59:59.999Z"
"2016-01-18T00:00:00.000Z";"2016-01-18T23:59:59.999Z";"2016-01-18T14:39:04.000Z";"2016-01-18T00:49:03.000Z";"2781";0.00526972021908;0.00541580980644;0.0052681597881;0.00532602984458;514295;178621411.206;"2016-01-18T23:59:59.999Z"
"2016-01-17T00:00:00.000Z";"2016-01-17T23:59:59.999Z";"2016-01-17T23:09:04.000Z";"2016-01-17T11:54:03.000Z";"2781";0.00511024985462;0.0052853198722;0.00501142023131;0.0052657998167;473175;176601451.199;"2016-01-17T23:59:59.999Z"
"2016-01-16T00:00:00.000Z";"2016-01-16T23:59:59.999Z";"2016-01-16T01:14:03.000Z";"2016-01-16T08:09:02.000Z";"2781";0.0052206502296;0.00527366995811;0.00507187005132;0.00511205010116;304209;171445069.809;"2016-01-16T23:59:59.999Z"
"2016-01-15T00:00:00.000Z";"2016-01-15T23:59:59.999Z";"2016-01-15T00:04:03.000Z";"2016-01-15T23:59:03.000Z";"2781";0.00552840996534;0.00552840996534;0.005229330156;0.005229330156;441054;175378340.765;"2016-01-15T23:59:59.999Z"
"2016-01-14T00:00:00.000Z";"2016-01-14T23:59:59.999Z";"2016-01-14T00:09:03.000Z";"2016-01-14T23:39:04.000Z";"2781";0.00579496007413;0.00580161996186;0.00552575010806;0.00552935991436;849371;185440578.868;"2016-01-14T23:59:59.999Z"
"2016-01-13T00:00:00.000Z";"2016-01-13T23:59:59.999Z";"2016-01-13T00:04:02.000Z";"2016-01-13T19:44:02.000Z";"2781";0.0058360202238;0.0058360202238;0.00575261982158;0.00579363992438;497284;194303853.493;"2016-01-13T23:59:59.999Z"
"2016-01-12T00:00:00.000Z";"2016-01-12T23:59:59.999Z";"2016-01-12T07:19:02.000Z";"2016-01-12T23:59:02.000Z";"2781";0.00589219015092;0.00589712010697;0.00585437985137;0.00585437985137;310414;196340917.595;"2016-01-12T23:59:59.999Z"
"2016-01-11T00:00:00.000Z";"2016-01-11T23:59:59.999Z";"2016-01-11T02:49:02.000Z";"2016-01-11T15:04:03.000Z";"2781";0.0059628598392;0.00597022008151;0.00589215988293;0.00589466001838;216286;197691805.675;"2016-01-11T23:59:59.999Z"
"2016-01-10T00:00:00.000Z";"2016-01-10T23:59:59.999Z";"2016-01-10T02:54:02.000Z";"2016-01-10T12:44:02.000Z";"2781";0.00598210981116;0.00599884008989;0.00593071011826;0.00595605978742;195011;199751004.487;"2016-01-10T23:59:59.999Z"
"2016-01-09T00:00:00.000Z";"2016-01-09T23:59:59.999Z";"2016-01-09T18:34:02.000Z";"2016-01-09T02:29:02.000Z";"2781";0.00593680003658;0.00600461987779;0.00593254994601;0.00598201993853;310336;200621636.428;"2016-01-09T23:59:59.999Z"
"2016-01-08T00:00:00.000Z";"2016-01-08T23:59:59.999Z";"2016-01-08T00:54:03.000Z";"2016-01-08T18:24:02.000Z";"2781";0.00604020990431;0.00605486007407;0.00590476021171;0.00593330990523;288641;198988027.729;"2016-01-08T23:59:59.999Z"
"2016-01-07T00:00:00.000Z";"2016-01-07T23:59:59.999Z";"2016-01-07T06:44:07.000Z";"2016-01-07T00:04:03.000Z";"2781";0.00599831016734;0.00609039003029;0.00599831016734;0.00603917986155;426048;202538636.495;"2016-01-07T23:59:59.999Z"
"2016-01-06T00:00:00.000Z";"2016-01-06T23:59:59.999Z";"2016-01-06T00:04:02.000Z";"2016-01-06T04:14:03.000Z";"2781";0.00604395987466;0.00604395987466;0.00598332006484;0.00600328994915;316235;201334977.775;"2016-01-06T23:59:59.999Z"
"2016-01-05T00:00:00.000Z";"2016-01-05T23:59:59.999Z";"2016-01-05T23:59:02.000Z";"2016-01-05T00:19:05.000Z";"2781";0.00595373986289;0.00604433007538;0.00595322018489;0.00604433007538;381554;202711354.31;"2016-01-05T23:59:59.999Z"
"2016-01-04T00:00:00.000Z";"2016-01-04T23:59:59.999Z";"2016-01-04T15:44:05.000Z";"2016-01-04T21:19:04.000Z";"2781";0.00601870007813;0.00605878001079;0.00595341995358;0.0059577501379;310820;199807682.761;"2016-01-04T23:59:59.999Z"
"2016-01-03T00:00:00.000Z";"2016-01-03T23:59:59.999Z";"2016-01-03T00:19:04.000Z";"2016-01-03T20:59:05.000Z";"2781";0.00606612022966;0.00606954982504;0.00598755991086;0.00601714011282;291723;201799471.318;"2016-01-03T23:59:59.999Z"
"2016-01-02T00:00:00.000Z";"2016-01-02T23:59:59.999Z";"2016-01-02T17:54:04.000Z";"2016-01-02T02:34:04.000Z";"2781";0.00595655012876;0.00607914011925;0.0059329601936;0.00606471998617;278539;203395182.71;"2016-01-02T23:59:59.999Z"
"2016-01-01T00:00:00.000Z";"2016-01-01T23:59:59.999Z";"2016-01-01T00:14:04.000Z";"2016-01-01T19:09:04.000Z";"2781";0.00603988999501;0.00604414008558;0.0059327702038;0.00595503021032;211767;199716460.924;"2016-01-01T23:59:59.999Z"